ST QUENTIN;;Verre Couleur;2288;ESSIGNY LE PETIT;ESSIGNY LE PETIT;Rue du 8 Mai 1945;E-2 S / H-3 S;P>25733;4;0,863;;;10/02/2012;12:42
ST QUENTIN;;Verre Couleur;2303;FAYET;FAYET;Chemin Vert;E-1 S / H-2 S;P>25734;3;0,967;;;01/02/2012;08:08
ST QUENTIN;;Verre Couleur;2303;FAYET;FAYET;Chemin Vert;E-1 S / H-2 S;P>25734;3;0,816;;;21/02/2012;11:49
ST QUENTIN;;Verre Couleur;2303;FAYET;FAYET;Auchan (accés Fayet);E-1 S / H-1 S;P>25737;3;0,403;;;01/02/2012;07:56
ST QUENTIN;;Verre Couleur;2303;FAYET;FAYET;Auchan (accés Fayet);E-1 S / H-1 S;P>25737;3;0,708;;;14/02/2012;11:40
ST QUENTIN;;Verre Couleur;2303;FAYET;FAYET;Auchan (accés Fayet);E-1 S / H-1 S;P>25737;3;0,878;;;21/02/2012;11:39
ST QUENTIN;;Verre Couleur;2303;FAYET;FAYET;Auchan (accés Fayet);E-1 S / H-1 S;P>25737;3;0,575;;;29/02/2012;07:38
ST QUENTIN;;Verre Couleur;2303;FAYET;FAYET;AUCHAN;E-1 S / H-1 S;P>29297;4;0,552;;;01/02/2012;07:57
ST QUENTIN;;Verre Couleur;2303;FAYET;FAYET;AUCHAN;E-1 S / H-1 S;P>29297;4;0,46;;;08/02/2012;08:09
ST QUENTIN;;Verre Couleur;2303;FAYET;FAYET;AUCHAN;E-1 S / H-1 S;P>29297;4;0,489;;;14/02/2012;11:41
ST QUENTIN;;Verre Couleur;2303;FAYET;FAYET;AUCHAN;E-1 S / H-1 S;P>29297;4;0,697;;;21/02/2012;11:41
ST QUENTIN;;Verre Couleur;2303;FAYET;FAYET;AUCHAN;E-1 S / H-1 S;P>29297;4;0,673;;;29/02/2012;07:40
ST QUENTIN;;Verre Couleur;2310;FIEULAINE;FIEULAINE;Rue Carlier;E-2 S / H-3 S;P>25739;3;0,771;;;10/02/2012;13:01
ST QUENTIN;;Verre Couleur;2319;FONSOMMES;FONSOMMES;Grand Place (transformateur);E-2 S / H-3 S;P>25740;3;0,483;;;10/02/2012;12:54
ST QUENTIN;;Verre Couleur;2319;FONSOMMES;FONSOMMES;Rue du Commandant Guy (salle de sport);E-3 S / H-5 S;P>25741;4;0,535;;;10/02/2012;12:58
ST QUENTIN;;Verre Couleur;2322;FONTAINE NOTRE DAME;FONTAINE NOTRE DAME;Grande Rue;E-2 S / H-3 S;P>25742;3;0,529;;;10/02/2012;13:13
ST QUENTIN;;Verre Couleur;2322;FONTAINE NOTRE DAME;FONTAINE NOTRE DAME;Rue du Château (devant Mairie);E-3 S / H-4 S;P>25743;3;0,576;;;10/02/2012;13:08
ST QUENTIN;;Verre Couleur;2340;GAUCHY;GAUCHY;Intermarché;E-1 S / H-1 S;P>25772;3;0,786;;;01/02/2012;06:45
ST QUENTIN;;Verre Couleur;2340;GAUCHY;GAUCHY;Intermarché;E-1 S / H-1 S;P>25772;3;0,45;;;08/02/2012;06:50
ST QUENTIN;;Verre Couleur;2340;GAUCHY;GAUCHY;Intermarché;E-1 S / H-1 S;P>25772;3;0,697;;;14/02/2012;10:19
ST QUENTIN;;Verre Couleur;2340;GAUCHY;GAUCHY;Intermarché;E-1 S / H-1 S;P>25772;3;1,002;;;21/02/2012;10:37
ST QUENTIN;;Verre Couleur;2340;GAUCHY;GAUCHY;Intermarché;E-1 S / H-1 S;P>25772;3;0,837;;;29/02/2012;06:42
ST QUENTIN;;Verre Couleur;2340;GAUCHY;GAUCHY;Intermarché;E-1 S / H-1 S;P>25773;3;0,83;;;01/02/2012;06:43
ST QUENTIN;;Verre Couleur;2340;GAUCHY;GAUCHY;Intermarché;E-1 S / H-1 S;P>25773;3;0,894;;;08/02/2012;06:48
ST QUENTIN;;Verre Couleur;2340;GAUCHY;GAUCHY;Intermarché;E-1 S / H-1 S;P>25773;3;0,707;;;14/02/2012;10:18
ST QUENTIN;;Verre Couleur;2340;GAUCHY;GAUCHY;Intermarché;E-1 S / H-1 S;P>25773;3;0,736;;;21/02/2012;10:36
ST QUENTIN;;Verre Couleur;2340;GAUCHY;GAUCHY;Intermarché;E-1 S / H-1 S;P>25773;3;0,99;;;29/02/2012;06:40
ST QUENTIN;;Verre Couleur;2340;GAUCHY;GAUCHY;Place des sports;E-4 S / H-6 S;P>25774;4;0,886;;;02/02/2012;09:30
ST QUENTIN;;Verre Couleur;2340;GAUCHY;GAUCHY;Rue Georges Herbin;E-3 S / H-4 S;P>25775;3;0,572;;;14/02/2012;10:38
ST QUENTIN;;Verre Couleur;2340;GAUCHY;GAUCHY;Rue Gabriel Peri PK Maison de la culture;E-3 S / H-4 S;P>25776;3;0,624;;;02/02/2012;09:40
ST QUENTIN;;Verre Couleur;2340;GAUCHY;GAUCHY;Place Moulin tous vents;E-2 S / H-3 S;P>25777;4;0,795;;;08/02/2012;06:59
ST QUENTIN;;Verre Couleur;2340;GAUCHY;GAUCHY;Rue Gambetta/Rue Gagarine;E-4 S / H-6 S;P>25778;3;0,522;;;02/02/2012;09:48
ST QUENTIN;;Verre Couleur;2340;GAUCHY;GAUCHY;Déchetterie route de chauny;E-1 S / H-1 S impératif;P>25779;4;0,3;;;06/02/2012;10:49
ST QUENTIN;;Verre Couleur;2340;GAUCHY;GAUCHY;Déchetterie route de chauny;E-1 S / H-1 S impératif;P>25779;4;0,587;;;14/02/2012;14:37
ST QUENTIN;;Verre Couleur;2340;GAUCHY;GAUCHY;Déchetterie route de chauny;E-1 S / H-1 S impératif;P>25779;4;0,533;;;21/02/2012;08:47
ST QUENTIN;;Verre Couleur;2340;GAUCHY;GAUCHY;Déchetterie route de chauny;E-1 S / H-1 S impératif;P>25779;4;0,627;;;28/02/2012;14:16
ST QUENTIN;;Verre Couleur;2340;GAUCHY;GAUCHY;Rue Paul Langevin / Place 8 mai 1945;E-1 S / H-2 S;P>25781;3;0,643;;;08/02/2012;07:11
ST QUENTIN;;Verre Couleur;2340;GAUCHY;GAUCHY;Rue Paul Langevin / Place 8 mai 1945;E-1 S / H-2 S;P>25781;3;0,832;;;21/02/2012;10:57
ST QUENTIN;;Verre Couleur;2340;GAUCHY;GAUCHY;Pk Brico Cash Rue Auguste;E-1 S / H-2 S;P>25782;4;1,084;;;01/02/2012;06:52
ST QUENTIN;;Verre Couleur;2340;GAUCHY;GAUCHY;Pk Brico Cash Rue Auguste;E-1 S / H-2 S;P>25782;4;1,077;;;14/02/2012;10:44
ST QUENTIN;;Verre Couleur;2340;GAUCHY;GAUCHY;Pk Brico Cash Rue Auguste;E-1 S / H-2 S;P>25782;4;0,706;;;29/02/2012;06:48
ST QUENTIN;;Verre Couleur;2340;GAUCHY;GAUCHY;Rue Voltaire;E-3 S / H-6 S;P>26940;3;0,64;;;21/02/2012;10:49
ST QUENTIN;;Verre Couleur;2340;GAUCHY;GAUCHY;Déchetterie route de chauny;;P>31031;3;0,516;;;14/02/2012;14:37
ST QUENTIN;;Verre Couleur;2340;GAUCHY;GAUCHY;Déchetterie route de chauny;;P>31031;3;0,565;;;21/02/2012;08:49
ST QUENTIN;;Verre Couleur;2340;GAUCHY;GAUCHY;Déchetterie route de chauny;;P>31031;3;0,538;;;28/02/2012;14:16
ST QUENTIN;;Verre Couleur;2359;GRUGIES;GRUGIES;Rue d'Ile de France dérrière Eglise;E-3 S / H-4 S;P>25784;3;0,622;;;08/02/2012;10:53
ST QUENTIN;;Verre Couleur;2359;GRUGIES;GRUGIES;Route du pont;E-2 S / H-3 S;P>25785;4;1,004;;;08/02/2012;10:59
ST QUENTIN;;Verre Couleur;2359;GRUGIES;GRUGIES;Route du pont;;P>29784;3;0,967;;;08/02/2012;11:02
ST QUENTIN;;Verre Couleur;2371;HARLY;HARLY;Rue de Picardie;E-3 S / H-4 S;P>25754;3;0,527;;;02/02/2012;13:06
ST QUENTIN;;Verre Couleur;2371;HARLY;HARLY;Leclerc;E-1 S / H-1 S;P>25757;4;1,044;;;01/02/2012;10:18
ST QUENTIN;;Verre Couleur;2371;HARLY;HARLY;Leclerc;E-1 S / H-1 S;P>25757;4;0,692;;;06/02/2012;11:06
ST QUENTIN;;Verre Couleur;2371;HARLY;HARLY;Leclerc;E-1 S / H-1 S;P>25757;4;0,874;;;14/02/2012;13:10
ST QUENTIN;;Verre Couleur;2371;HARLY;HARLY;Leclerc;E-1 S / H-1 S;P>25757;4;0,827;;;21/02/2012;12:33
ST QUENTIN;;Verre Couleur;2371;HARLY;HARLY;Leclerc;E-1 S / H-1 S;P>25757;4;1,029;;;29/02/2012;09:10
ST QUENTIN;;Verre Couleur;2371;HARLY;HARLY;Leclerc;E-1 S / H-1 S;P>25758;3;1,04;;;01/02/2012;10:21
ST QUENTIN;;Verre Couleur;2371;HARLY;HARLY;Leclerc;E-1 S / H-1 S;P>25758;3;0,511;;;06/02/2012;11:04
ST QUENTIN;;Verre Couleur;2371;HARLY;HARLY;Leclerc;E-1 S / H-1 S;P>25758;3;0,962;;;14/02/2012;13:12
ST QUENTIN;;Verre Couleur;2371;HARLY;HARLY;Leclerc;E-1 S / H-1 S;P>25758;3;0,804;;;21/02/2012;12:35
ST QUENTIN;;Verre Couleur;2371;HARLY;HARLY;Leclerc;E-1 S / H-1 S;P>25758;3;1,258;;;29/02/2012;09:16
ST QUENTIN;;Verre Couleur;2371;HARLY;HARLY;Leclerc;E-1 S / H-1 S;P>25759;3;0,542;;;01/02/2012;10:16
ST QUENTIN;;Verre Couleur;2371;HARLY;HARLY;Leclerc;E-1 S / H-1 S;P>25759;3;0,719;;;06/02/2012;11:07
ST QUENTIN;;Verre Couleur;2371;HARLY;HARLY;Leclerc;E-1 S / H-1 S;P>25759;3;0,848;;;14/02/2012;13:08
ST QUENTIN;;Verre Couleur;2371;HARLY;HARLY;Leclerc;E-1 S / H-1 S;P>25759;3;0,844;;;21/02/2012;12:31
ST QUENTIN;;Verre Couleur;2371;HARLY;HARLY;Leclerc;E-1 S / H-1 S;P>25759;3;0,897;;;29/02/2012;09:07
ST QUENTIN;;Verre Couleur;2383;HOMBLIERES;HOMBLIERES;Rue Aimé Gosset;E-2 S / H-3 S;P>25761;4;1,115;;;02/02/2012;07:57
ST QUENTIN;;Verre Couleur;2383;HOMBLIERES;HOMBLIERES;Rue Aimé Gosset;E-2 S / H-3 S;P>25761;4;1,22;;;29/02/2012;08:44
ST QUENTIN;;Verre Couleur;2383;HOMBLIERES;HOMBLIERES;Rue Sainte Huneguonde;E-2 S / H-3 S;P>25762;4;0,859;;;02/02/2012;08:04
ST QUENTIN;;Verre Couleur;2383;HOMBLIERES;HOMBLIERES;Rue Sainte Huneguonde;E-2 S / H-3 S;P>25762;4;1,073;;;29/02/2012;08:54
ST QUENTIN;;Verre Couleur;2420;LESDINS;LESDINS;Rue de Picardie;E-2 S / H-3 S;P>25744;4;1,242;;;08/02/2012;09:34
ST QUENTIN;;Verre Couleur;2420;LESDINS;LESDINS;Rue de touraine (le long du canal);E-2 S / H-3 S;P>25745;3;0,769;;;08/02/2012;09:39
ST QUENTIN;;Verre Couleur;2459;MARCY;MARCY;Rue Florent Montigny Mairie;E-2 S / H-3 S;P>25764;3;0,491;;;10/02/2012;13:21
ST QUENTIN;;Verre Couleur;2481;MESNIL ST LAURENT;MESNIL ST LAURENT;Rue Sainte Camione;E-2 S / H-3 S;P>25767;3;0,659;;;10/02/2012;13:35
ST QUENTIN;;Verre Couleur;2525;MORCOURT;MORCOURT;Rue du Commandant Guy (terrain de foot);E-2 S / H-3 S;P>25746;3;0,923;;;10/02/2012;12:26
ST QUENTIN;;Verre Couleur;2549;NEUVILLE ST AMAND;NEUVILLE ST AMAND;Place de la Mairie;E-2 S / H-2 S;P>25788;3;0,922;;;10/02/2012;13:42
ST QUENTIN;;Verre Couleur;2571;OMISSY;OMISSY;Rue du Fossé;E-3 S / H-5 S;P>25748;3;0,481;;;08/02/2012;09:25
ST QUENTIN;;Verre Couleur;2571;OMISSY;OMISSY;Déchetterie;E-1 S / H-1 S impératif;P>25750;4;0,523;;;08/02/2012;09:51
ST QUENTIN;;Verre Couleur;2571;OMISSY;OMISSY;Déchetterie;;P>31032;3;0,772;;;01/02/2012;09:42
ST QUENTIN;;Verre Couleur;2571;OMISSY;OMISSY;Déchetterie;;P>31032;3;0,538;;;08/02/2012;09:52
ST QUENTIN;;Verre Couleur;2571;OMISSY;OMISSY;Déchetterie;;P>31032;3;0,726;;;21/02/2012;11:44
ST QUENTIN;;Verre Couleur;2637;REMAUCOURT;REMAUCOURT;Rue de l'église;E-2 S / H-3 S;P>25753;3;0,748;;;10/02/2012;12:34
ST QUENTIN;;Verre Couleur;2659;ROUVROY;ROUVROY;Route de ST Quentin;E-2 S / H-3 S;P>25769;3;0,703;;;01/02/2012;10:06
ST QUENTIN;;Verre Couleur;2691;ST QUENTIN;ST QUENTIN SUD EST;Av Léo Lagrange;;P>25634;3;0,628;;;28/02/2012;14:33
ST QUENTIN;;Verre Couleur;2691;ST QUENTIN;ST QUENTIN SUD EST;Place Carnot;;P>25635;3;0,285;;;14/02/2012;14:58
ST QUENTIN;;Verre Couleur;2691;ST QUENTIN;ST QUENTIIN SUD EST;Rue Charles Foucault;;P>25636;3;0,422;;;21/02/2012;09:27
ST QUENTIN;;Verre Couleur;2691;ST QUENTIN;ST QUENTIN SUD EST;Rue de la Fère (face n°22);E-3 S / H-5 S;P>25637;4;0,596;;;08/02/2012;10:19
ST QUENTIN;;Verre Couleur;2691;ST QUENTIN;ST QUENTIN SUD EST;Rue d'Ostende;E-2 S / H-3 S;P>25638;3;0,475;;;01/02/2012;10:34
ST QUENTIN;;Verre Couleur;2691;ST QUENTIN;ST QUENTIN SUD EST;Rue d'Ostende;E-2 S / H-3 S;P>25638;3;0,588;;;14/02/2012;13:24
ST QUENTIN;;Verre Couleur;2691;ST QUENTIN;ST QUENTIN SUD EST;Bd du Maréchal Juin (haut);E-2 S / H-2 S;P>25640;3;0,577;;;02/02/2012;09:17
ST QUENTIN;;Verre Couleur;2691;ST QUENTIN;ST QUENTIN SUD EST;Bd du Maréchal Juin (haut);E-2 S / H-2 S;P>25640;3;0,46;;;14/02/2012;13:31
ST QUENTIN;;Verre Couleur;2691;ST QUENTIN;ST QUENTIN SUD EST;Rue de la Fère (friterie);E-4 S / H-6 S;P>25641;3;0,565;;;08/02/2012;10:41
ST QUENTIN;;Verre Couleur;2691;ST QUENTIN;ST QUENTIN SUD EST;Rue de Guise;E-3 S / H-4 S;P>25642;3;0,71;;;22/02/2012;12:36
ST QUENTIN;;Verre Couleur;2691;ST QUENTIN;ST QUENTIN SUD EST;Angle rue collette (LIDL) Richepin FND;E-2 S / H-2 S;P>25643;3;0,748;;;08/02/2012;10:10
ST QUENTIN;;Verre Couleur;2691;ST QUENTIN;ST QUENTIN SUD EST;Angle rue collette (LIDL) Richepin FND;E-2 S / H-2 S;P>25643;3;0,767;;;22/02/2012;12:45
ST QUENTIN;;Verre Couleur;2691;ST QUENTIN;ST QUENTIN SUD EST;Rue Raoul Huguet;E-3 S / H-4 S;P>25645;3;0,843;;;22/02/2012;13:19
ST QUENTIN;;Verre Couleur;2691;ST QUENTIN;ST QUENTIN SUD EST;Rue J Blanchot;E-3 S / H-4 S;P>25646;4;0,904;;;02/02/2012;09:10
ST QUENTIN;;Verre Couleur;2691;ST QUENTIN;ST QUENTIN SUD EST;Rue J Blanchot;E-3 S / H-4 S;P>25646;4;0,832;;;22/02/2012;13:24
ST QUENTIN;;Verre Couleur;2691;ST QUENTIN;ST QUENTIN SUD EST;Rue de la Fère (NETTO);E-1 S / H-2 S;P>25648;4;0,68;;;08/02/2012;10:29
ST QUENTIN;;Verre Couleur;2691;ST QUENTIN;ST QUENTIN SUD EST;Rue de la Fère (NETTO);E-1 S / H-2 S;P>25648;4;0,767;;;14/02/2012;16:29
ST QUENTIN;;Verre Couleur;2691;ST QUENTIN;ST QUENTIN SUD EST;Bd Cordier;E-2 S / H-2 S;P>25650;3;0,961;;;22/02/2012;12:23
ST QUENTIN;;Verre Couleur;2691;ST QUENTIN;ST QUENTIN SUD EST;Bd du Dr Camille Guérin;E-2 S / H-3 S;P>25651;3;0,921;;;22/02/2012;12:16
ST QUENTIN;;Verre Couleur;2691;ST QUENTIN;ST QUENTIN SUD EST;Chemin d'Itancourt;E-3 S / H-6 S;P>25652;3;0,551;;;21/02/2012;14:28
ST QUENTIN;;Verre Couleur;2691;ST QUENTIN;ST QUENTIN SUD OUEST;Rampe St Prix;E-3 S / H-4 S;P>25653;3;0,721;;;08/02/2012;07:32
ST QUENTIN;;Verre Couleur;2691;ST QUENTIN;ST QUENTIN SUD OUEST;Bd de Verdun;E-2 S / H-3 S;P>25654;4;0,918;;;01/02/2012;07:32
ST QUENTIN;;Verre Couleur;2691;ST QUENTIN;ST QUENTIN SUD OUEST;Bd de Verdun;E-2 S / H-3 S;P>25654;4;1,125;;;21/02/2012;11:22
ST QUENTIN;;Verre Couleur;2691;ST QUENTIN;ST QUENTIN SUD OUEST;Rue de Paris (face au 105) Rue de Ham;;P>25656;3;0,435;;;14/02/2012;16:09
ST QUENTIN;;Verre Couleur;2691;ST QUENTIN;ST QUENTIN SUD OUEST;Rue de Peronne mairie PORTEUR;;P>25657;3;0,641;;;06/02/2012;10:26
ST QUENTIN;;Verre Couleur;2691;ST QUENTIN;ST QUENTIN SUD OUEST;Rue de Peronne mairie PORTEUR;;P>25657;3;0,894;;;21/02/2012;10:42
ST QUENTIN;;Verre Couleur;2691;ST QUENTIN;ST QUENTIN SUD OUEST;Déchetterie (Rue A Parmentier) Vidam;E-2 S / H-3 S;P>25661;3;0,79;;;14/02/2012;11:28
ST QUENTIN;;Verre Couleur;2691;ST QUENTIN;ST QUENTIN SUD OUEST;Déchetterie (Rue A Parmentier) Vidam;E-2 S / H-3 S;P>25662;3;0,879;;;14/02/2012;11:23
ST QUENTIN;;Verre Couleur;2691;ST QUENTIN;ST QUENTIN SUD OUEST;Déchetterie (Rue A Parmentier) Vidam;E-2 S / H-3 S;P>25663;3;0,749;;;14/02/2012;11:25
ST QUENTIN;;Verre Couleur;2691;ST QUENTIN;ST QUENTIN SUD OUEST;Rue de la Chaussée romaine (école);E-3 S / H-4 S;P>25664;4;1,088;;;08/02/2012;07:56
ST QUENTIN;;Verre Couleur;2691;ST QUENTIN;ST QUENTIN SUD OUEST;Angle Av Me François Hugues/Accacias;E-1 S / H-2 S;P>25665;3;0,415;;;01/02/2012;07:38
ST QUENTIN;;Verre Couleur;2691;ST QUENTIN;ST QUENTIN SUD OUEST;Angle Av Me François Hugues/Accacias;E-1 S / H-2 S;P>25665;3;0,567;;;14/02/2012;11:09
ST QUENTIN;;Verre Couleur;2691;ST QUENTIN;ST QUENTIN SUD OUEST;Angle Av Me François Hugues/Accacias;E-1 S / H-2 S;P>25665;3;0,657;;;29/02/2012;07:19
ST QUENTIN;;Verre Couleur;2691;ST QUENTIN;ST QUENTIN SUD OUEST;Rue du Dr Cordier/Allée des Tilleuls;E-2 S / H-3 S;P>25666;4;0,65;;;14/02/2012;11:04
ST QUENTIN;;Verre Couleur;2691;ST QUENTIN;ST QUENTIN SUD OUEST;Rue de Paris (ALDI);E-1 S / H-2 S;P>25668;3;0,974;;;21/02/2012;11:13
ST QUENTIN;;Verre Couleur;2691;ST QUENTIN;ST QUENTIN SUD OUEST;Rue de Paris / Face au stade de foot;E-3 S / H-4 S;P>25669;3;0,562;;;01/02/2012;07:24
ST QUENTIN;;Verre Couleur;2691;ST QUENTIN;ST QUENTIN SUD OUEST;Rue de Paris / Face au stade de foot;E-3 S / H-4 S;P>25669;3;0,772;;;29/02/2012;07:04
ST QUENTIN;;Verre Couleur;2691;ST QUENTIN;ST QUENTIN SUD OUEST;Rue de Paris / Rue du Gle Debeney;E-3 S / H-4 S;P>25670;4;0,997;;;21/02/2012;11:04
ST QUENTIN;;Verre Couleur;2691;ST QUENTIN;ST QUENTIN SUD OUEST;Rue Alexandre Dumas (park face ED);E-1 S / H-1 S;P>25671;3;0,449;;;01/02/2012;07:46
ST QUENTIN;;Verre Couleur;2691;ST QUENTIN;ST QUENTIN SUD OUEST;Rue Alexandre Dumas (park face ED);E-1 S / H-1 S;P>25671;3;0,718;;;14/02/2012;11:17
ST QUENTIN;;Verre Couleur;2691;ST QUENTIN;ST QUENTIN SUD OUEST;Rue Alexandre Dumas (park face ED);E-1 S / H-1 S;P>25671;3;0,481;;;21/02/2012;11:30
ST QUENTIN;;Verre Couleur;2691;ST QUENTIN;ST QUENTIN SUD OUEST;Rue Alexandre Dumas (park face ED);E-1 S / H-1 S;P>25671;3;0,454;;;29/02/2012;07:27
ST QUENTIN;;Verre Couleur;2691;ST QUENTIN;ST QUENTIN SUD OUEST;Rue du Commandant Charcot;E-3 S / H-5 S;P>25672;3;0,993;;;08/02/2012;07:47
ST QUENTIN;;Verre Couleur;2691;ST QUENTIN;ST QUENTIN SUD OUEST;Rue J Falloux (salle des aviateurs);E-3 S / H-5 S;P>25673;3;0,689;;;01/02/2012;07:17
ST QUENTIN;;Verre Couleur;2691;ST QUENTIN;ST QUENTIN SUD OUEST;Rue Georges Sand;E-4 S / H-8 S;P>25674;3;0,69;;;29/02/2012;07:09
ST QUENTIN;;Verre Couleur;2691;ST QUENTIN;ST QUENTIN SUD OUEST;Grande Rue;E-2 S / H-3 S;P>25675;3;0,836;;;08/02/2012;07:18
ST QUENTIN;;Verre Couleur;2691;ST QUENTIN;ST QUENTIN SUD OUEST;Av du Cimetière de la Tombelle;E-2 S / H-3 S;P>25676;4;0,754;;;14/02/2012;10:58
ST QUENTIN;;Verre Couleur;2691;ST QUENTIN;ST QUENTIN NORD;Place du 87 RI Rue Thiers;E-1 S / H-2 S;P>25677;3;0,522;;;01/02/2012;08:40
ST QUENTIN;;Verre Couleur;2691;ST QUENTIN;ST QUENTIN NORD;Place du 87 RI Rue Thiers;E-1 S / H-2 S;P>25677;3;0,437;;;14/02/2012;12:01
ST QUENTIN;;Verre Couleur;2691;ST QUENTIN;ST QUENTIN NORD;Place du 87 RI Rue Thiers;E-1 S / H-2 S;P>25677;3;0,761;;;29/02/2012;08:05
ST QUENTIN;;Verre Couleur;2691;ST QUENTIN;ST QUENTIN NORD;Rue Théophile Gautier PORTEUR;;P>25678;4;0,874;;;21/02/2012;10:32
ST QUENTIN;;Verre Couleur;2691;ST QUENTIN;ST QUENTIN NORD;Av des anciens Combattants d'AFN;E-3 S / H-4 S;P>25679;4;0,826;;;08/02/2012;08:31
ST QUENTIN;;Verre Couleur;2691;ST QUENTIN;ST QUENTIN NORD;Rue Henriette Cabot;E-3 S / H-4 S;P>25681;3;0,491;;;08/02/2012;08:25
ST QUENTIN;;Verre Couleur;2691;ST QUENTIN;ST QUENTIN NORD;Rue Alfred Clin (hors Heures scolaires);;P>25682;3;0,492;;;14/02/2012;15:21
ST QUENTIN;;Verre Couleur;2691;ST QUENTIN;ST QUENTIN NORD;Rue Alfred Clin (hors Heures scolaires);;P>25682;3;0,752;;;28/02/2012;14:51
ST QUENTIN;;Verre Couleur;2691;ST QUENTIN;ST QUENTIN NORD;CORA (parking);E-1 S / H-1 S;P>25683;4;1,216;;;01/02/2012;09:00
ST QUENTIN;;Verre Couleur;2691;ST QUENTIN;ST QUENTIN NORD;CORA (parking);E-1 S / H-1 S;P>25683;4;0,685;;;08/02/2012;08:41
ST QUENTIN;;Verre Couleur;2691;ST QUENTIN;ST QUENTIN NORD;CORA (parking);E-1 S / H-1 S;P>25683;4;1,156;;;21/02/2012;13:24
ST QUENTIN;;Verre Couleur;2691;ST QUENTIN;ST QUENTIN NORD;CORA (parking);E-1 S / H-1 S;P>25683;4;0,7;;;29/02/2012;08:18
ST QUENTIN;;Verre Couleur;2691;ST QUENTIN;ST QUENTIN NORD;CORA (parking);E-1 S / H-1 S;P>25684;4;0,757;;;01/02/2012;09:02
ST QUENTIN;;Verre Couleur;2691;ST QUENTIN;ST QUENTIN NORD;CORA (parking);E-1 S / H-1 S;P>25684;4;0,544;;;08/02/2012;08:44
ST QUENTIN;;Verre Couleur;2691;ST QUENTIN;ST QUENTIN NORD;CORA (parking);E-1 S / H-1 S;P>25684;4;1,18;;;21/02/2012;13:25
ST QUENTIN;;Verre Couleur;2691;ST QUENTIN;ST QUENTIN NORD;Rue Fayet (angle R. JY Cousteau);E-3 S / H-3 S;P>25685;3;0,887;;;23/02/2012;10:52
ST QUENTIN;;Verre Couleur;2691;ST QUENTIN;ST QUENTIN NORD;Rue des Valenciennes;E-1 S / H-2 S;P>25687;4;1,114;;;01/02/2012;08:26
ST QUENTIN;;Verre Couleur;2691;ST QUENTIN;ST QUENTIN NORD;Rue des Valenciennes;E-1 S / H-2 S;P>25687;4;0,926;;;14/02/2012;11:50
ST QUENTIN;;Verre Couleur;2691;ST QUENTIN;ST QUENTIN NORD;Rue des Valenciennes;E-1 S / H-2 S;P>25687;4;1,395;;;29/02/2012;07:52
ST QUENTIN;;Verre Couleur;2691;ST QUENTIN;ST QUENTIN EST;Bvd Roosevelt PORTEUR;;P>25688;3;0,49;;;06/02/2012;10:07
ST QUENTIN;;Verre Couleur;2691;ST QUENTIN;ST QUENTIN EST;Bvd Roosevelt PORTEUR;;P>25688;3;0,497;;;14/02/2012;15:10
ST QUENTIN;;Verre Couleur;2691;ST QUENTIN;ST QUENTIN EST;Bvd Roosevelt PORTEUR;;P>25688;3;0,598;;;21/02/2012;09:14
ST QUENTIN;;Verre Couleur;2691;ST QUENTIN;ST QUENTIN EST;Bvd Roosevelt PORTEUR;;P>25688;3;0,635;;;28/02/2012;14:46
ST QUENTIN;;Verre Couleur;2691;ST QUENTIN;ST QUENTIN EST;Av R Schuman/Rue G Pompidou;E-3 S / H-6 S;P>25689;3;0,906;;;23/02/2012;10:34
ST QUENTIN;;Verre Couleur;2691;ST QUENTIN;ST QUENTIN EST;Av A Briand/Rue Q Barre;E-4 S / H-10 S;P>25691;3;0,827;;;22/02/2012;13:00
ST QUENTIN;;Verre Couleur;2691;ST QUENTIN;ST QUENTIN EST;Rue du Cdt G Bieler;E-1 S / H-2 S;P>25693;3;0,669;;;01/02/2012;09:25
ST QUENTIN;;Verre Couleur;2691;ST QUENTIN;ST QUENTIN EST;Rue du Cdt G Bieler;E-1 S / H-2 S;P>25693;3;0,551;;;14/02/2012;12:33
ST QUENTIN;;Verre Couleur;2691;ST QUENTIN;ST QUENTIN EST;Av du Gle de Gaulle;E-1 S / H-1 S;P>25694;4;0,61;;;01/02/2012;09:33
ST QUENTIN;;Verre Couleur;2691;ST QUENTIN;ST QUENTIN EST;Av du Gle de Gaulle;E-1 S / H-1 S;P>25694;4;0,601;;;08/02/2012;09:13
ST QUENTIN;;Verre Couleur;2691;ST QUENTIN;ST QUENTIN EST;Av du Gle de Gaulle;E-1 S / H-1 S;P>25694;4;0,754;;;14/02/2012;12:40
ST QUENTIN;;Verre Couleur;2691;ST QUENTIN;ST QUENTIN EST;Av du Gle de Gaulle;E-1 S / H-1 S;P>25694;4;0,727;;;22/02/2012;12:52
ST QUENTIN;;Verre Couleur;2691;ST QUENTIN;ST QUENTIN EST;Bd J Bouin (camping);E-2 S / H-3 S;P>25696;3;0,541;;;14/02/2012;12:50
ST QUENTIN;;Verre Couleur;2691;ST QUENTIN;ST QUENTIN EST;Bd J Bouin (camping);E-2 S / H-3 S;P>25697;3;0,499;;;14/02/2012;12:48
ST QUENTIN;;Verre Couleur;2691;ST QUENTIN;ST QUENTIN EST;Rue H Dunant;E-2 S / H-4 S;P>25698;3;0,6;;;21/02/2012;13:54
ST QUENTIN;;Verre Couleur;2691;ST QUENTIN;ST QUENTIN EST;Rue G Brassens;E-2 S / H-3 S;P>25699;3;0,732;;;22/02/2012;13:08
ST QUENTIN;;Verre Couleur;2691;ST QUENTIN;ST QUENTIN EST;Av de la Résistance;E-4 S / H-6 S;P>25700;4;0,789;;;02/02/2012;08:40
ST QUENTIN;;Verre Couleur;2691;ST QUENTIN;ST QUENTIN  EST;RD 675 vers Omissy vers déchetterie;E-3 S / H-4 S;P>25702;4;0,681;;;14/02/2012;12:24
ST QUENTIN;;Verre Couleur;2691;ST QUENTIN;ST QUENTIN EST;Rue Boileau/Rue H Barbusse;E-3 S / H-4 S;P>25703;3;0,671;;;02/02/2012;08:19
ST QUENTIN;;Verre Couleur;2691;ST QUENTIN;ST QUENTIN EST;Rue Boileau/Rue G St Hilaire;E-3 S / H-4 S;P>25704;3;0,526;;;02/02/2012;08:30
ST QUENTIN;;Verre Couleur;2691;ST QUENTIN;ST QUENTIN EST;Av R Schuman (centre social Europe);E-3 S / H-4 S;P>25705;3;0,825;;;01/02/2012;09:57
ST QUENTIN;;Verre Couleur;2691;ST QUENTIN;ST QUENTIN EST;Av R Schuman (SIMPLY MARKET);E-1 S / H-2 S;P>25706;3;0,831;;;08/02/2012;08:53
ST QUENTIN;;Verre Couleur;2691;ST QUENTIN;ST QUENTIN EST;Av R Schuman (SIMPLY MARKET);E-1 S / H-2 S;P>25706;3;0,895;;;21/02/2012;13:14
ST QUENTIN;;Verre Couleur;2691;ST QUENTIN;ST QUENTIN EST;Rue Poete;E-2 S / H-3 S;P>25707;3;0,601;;;01/02/2012;09:13
ST QUENTIN;;Verre Couleur;2691;ST QUENTIN;ST QUENTIN EST;Rue Poete;E-2 S / H-3 S;P>25707;3;0,906;;;21/02/2012;13:37
ST QUENTIN;;Verre Couleur;2691;ST QUENTIN;ST QUENTIN EST;Av de la République (face au n° 29);E-2 S / H-2 S;P>25710;3;0,727;;;08/02/2012;09:01
ST QUENTIN;;Verre Couleur;2691;ST QUENTIN;ST QUENTIN EST;Av de la République (face au n° 29);E-2 S / H-2 S;P>25710;3;1,008;;;21/02/2012;13:45
ST QUENTIN;;Verre Couleur;2691;ST QUENTIN;ST QUENTIN CENTRE;Place du GI Floy;;P>25711;4;0,519;;;21/02/2012;10:58
ST QUENTIN;;Verre Couleur;2691;ST QUENTIN;ST QUENTIN CENTRE;Rue des Etats Généraux;;P>25712;4;0,521;;;06/02/2012;09:58
ST QUENTIN;;Verre Couleur;2691;ST QUENTIN;ST QUENTIN CENTRE;Rue des Etats Généraux;;P>25712;4;0,415;;;28/02/2012;14:58
ST QUENTIN;;Verre Couleur;2691;ST QUENTIN;ST QUENTIN CENTRE;Rue Varlet;;P>25713;4;0,531;;;06/02/2012;10:02
ST QUENTIN;;Verre Couleur;2691;ST QUENTIN;ST QUENTIN CENTRE;Rue Varlet;;P>25713;4;0,52;;;28/02/2012;15:02
ST QUENTIN;;Verre Couleur;2691;ST QUENTIN;ST QUENTIN CENTRE;Rue du Petit Origny (place du marché);;P>25714;4;0,868;;;06/02/2012;08:56
ST QUENTIN;;Verre Couleur;2691;ST QUENTIN;ST QUENTIN CENTRE;Rue du Petit Origny (place du marché);;P>25714;4;0,945;;;14/02/2012;15:46
ST QUENTIN;;Verre Couleur;2691;ST QUENTIN;ST QUENTIN CENTRE;Rue du Petit Origny (place du marché);;P>25714;4;0,915;;;21/02/2012;09:27
ST QUENTIN;;Verre Couleur;2691;ST QUENTIN;ST QUENTIN CENTRE;Rue du Petit Origny (place du marché);;P>25714;4;1,056;;;28/02/2012;15:21
ST QUENTIN;;Verre Couleur;2691;ST QUENTIN;ST QUENTIN CENTRE;Rue A Gibert/Rue Renan;;P>25715;4;0,983;;;06/02/2012;10:59
ST QUENTIN;;Verre Couleur;2691;ST QUENTIN;ST QUENTIN CENTRE;Place de la Liberté;;P>25716;4;0,495;;;06/02/2012;10:41
ST QUENTIN;;Verre Couleur;2691;ST QUENTIN;ST QUENTIN CENTRE;Place de la Liberté;;P>25716;4;0,862;;;14/02/2012;15:59
ST QUENTIN;;Verre Couleur;2691;ST QUENTIN;ST QUENTIN CENTRE;Place de la Liberté;;P>25716;4;0,624;;;21/02/2012;11:04
ST QUENTIN;;Verre Couleur;2691;ST QUENTIN;ST QUENTIN CENTRE;Place de la Liberté;;P>25716;4;1,011;;;28/02/2012;15:37
ST QUENTIN;;Verre Couleur;2691;ST QUENTIN;ST QUENTIN CENTRE;Bd Gambetta (face au n°1) en haut;;P>25717;4;0,752;;;14/02/2012;15:03
ST QUENTIN;;Verre Couleur;2691;ST QUENTIN;ST QUENTIN CENTRE;Bd Gambetta (face au n°1) en haut;;P>25717;4;1,027;;;28/02/2012;15:15
ST QUENTIN;;Verre Couleur;2691;ST QUENTIN;ST QUENTIN CENTRE;Rue Michelet;;P>25718;4;0,629;;;06/02/2012;08:48
ST QUENTIN;;Verre Couleur;2691;ST QUENTIN;ST QUENTIN CENTRE;Rue Michelet;;P>25718;4;1,073;;;28/02/2012;15:11
ST QUENTIN;;Verre Couleur;2691;ST QUENTIN;ST QUENTIN CENTRE;Bd Gambetta (face CIO);;P>25719;4;0,755;;;14/02/2012;16:19
ST QUENTIN;;Verre Couleur;2691;ST QUENTIN;ST QUENTIN CENTRE;Bd Gambetta (face CIO);;P>25719;4;0,749;;;28/02/2012;14:42
ST QUENTIN;;Verre Couleur;2691;ST QUENTIN;ST QUENTIN CENTRE;Rue des Suzannes;;P>25720;4;0,687;;;06/02/2012;08:43
ST QUENTIN;;Verre Couleur;2691;ST QUENTIN;ST QUENTIN CENTRE;Rue des Suzannes;;P>25720;4;0,855;;;21/02/2012;09:12
ST QUENTIN;;Verre Couleur;2691;ST QUENTIN;ST QUENTIN CENTRE;Square Quentin de la Tour (Basilique);;P>25721;4;0,65;;;06/02/2012;10:12
ST QUENTIN;;Verre Couleur;2691;ST QUENTIN;ST QUENTIN CENTRE;Square Quentin de la Tour (Basilique);;P>25721;4;0,772;;;21/02/2012;09:23
ST QUENTIN;;Verre Couleur;2691;ST QUENTIN;ST QUENTIN CENTRE;Rue de Baudreuil;;P>25722;4;0,564;;;14/02/2012;15:14
ST QUENTIN;;Verre Couleur;2691;ST QUENTIN;ST QUENTIN CENTRE;Rue de Baudreuil;;P>25722;4;0,468;;;21/02/2012;09:18
ST QUENTIN;;Verre Couleur;2691;ST QUENTIN;ST QUENTIN CENTRE;Rue de Baudreuil;;P>25723;4;0,589;;;06/02/2012;10:12
ST QUENTIN;;Verre Couleur;2691;ST QUENTIN;ST QUENTIN CENTRE;Rue de Baudreuil;;P>25723;4;0,443;;;21/02/2012;09:19
ST QUENTIN;;Verre Couleur;2691;ST QUENTIN;ST QUENTIN CENTRE;Rue de Baudreuil;;P>25723;4;0,417;;;28/02/2012;15:05
ST QUENTIN;;Verre Couleur;2691;ST QUENTIN;ST QUENTIN CENTRE;Bvd Henri Martin;;P>25724;4;0,643;;;14/02/2012;15:51
ST QUENTIN;;Verre Couleur;2691;ST QUENTIN;ST QUENTIN CENTRE;Av Faidherbe;;P>25725;4;0,485;;;06/02/2012;10:22
ST QUENTIN;;Verre Couleur;2691;ST QUENTIN;ST QUENTIN CENTRE;Av Faidherbe;;P>25725;4;0,682;;;14/02/2012;15:41
ST QUENTIN;;Verre Couleur;2691;ST QUENTIN;ST QUENTIN CENTRE;Av Faidherbe;;P>25725;4;0,531;;;21/02/2012;10:48
ST QUENTIN;;Verre Couleur;2691;ST QUENTIN;ST QUENTIN CENTRE;Av Faidherbe;;P>25725;4;0,536;;;28/02/2012;15:32
ST QUENTIN;;Verre Couleur;2691;ST QUENTIN;ST QUENTIN CENTRE;Bd de Richelieu (angle rue des Glacis);;P>25726;4;0,765;;;14/02/2012;15:05
ST QUENTIN;;Verre Couleur;2691;ST QUENTIN;ST QUENTIN CENTRE;Bd de Richelieu (angle rue des Glacis);;P>25726;4;1,015;;;28/02/2012;15:26
ST QUENTIN;;Verre Couleur;2691;ST QUENTIN;ST QUENTIN CENTRE;Rue des Cannonniers;;P>25729;4;0,51;;;06/02/2012;09:05
ST QUENTIN;;Verre Couleur;2691;ST QUENTIN;ST QUENTIN CENTRE;Rue des Cannonniers;;P>25729;4;0,574;;;21/02/2012;10:55
ST QUENTIN;;Verre Couleur;2691;ST QUENTIN;ST QUENTIN SUD OUEST;Déchetterie (Rue A Parmentier) Vidam;E-2 S / H-3 S;P>27069;3;0,832;;;14/02/2012;11:26
ST QUENTIN;;Verre Couleur;2691;ST QUENTIN;ST QUENTIN NORD;Place du 87 RI Rue Thiers;E-1 S / H-2 S;P>28483;3;0,747;;;01/02/2012;08:38
ST QUENTIN;;Verre Couleur;2691;ST QUENTIN;ST QUENTIN NORD;Place du 87 RI Rue Thiers;E-1 S / H-2 S;P>28483;3;0,53;;;14/02/2012;12:00
ST QUENTIN;;Verre Couleur;2691;ST QUENTIN;ST QUENTIN NORD;Place du 87 RI Rue Thiers;E-1 S / H-2 S;P>28483;3;0,722;;;29/02/2012;08:03
ST QUENTIN;;Verre Couleur;2691;ST QUENTIN;ST QUENTIN SUD EST;Rue de Guise;E-3 S / H-4 S;P>28642;3;0,687;;;22/02/2012;12:38
ST QUENTIN;;Verre Couleur;2691;ST QUENTIN;ST QUENTIN;Parking rue Leon Lemaire;;P>29127;3;0,283;;;06/02/2012;08:30
ST QUENTIN;;Verre Couleur;2691;ST QUENTIN;ST QUENTIN;Parking rue Leon Lemaire;;P>29127;3;0,434;;;14/02/2012;14:50
ST QUENTIN;;Verre Couleur;2691;ST QUENTIN;ST QUENTIN;Parking rue Leon Lemaire;;P>29127;3;0,405;;;21/02/2012;08:55
ST QUENTIN;;Verre Couleur;2691;ST QUENTIN;ST QUENTIN;Parking rue Leon Lemaire;;P>29127;3;0,383;;;28/02/2012;14:23
ST QUENTIN;;Verre Couleur;2691;ST QUENTIN;ST QUENTIN;Parking rue Leon Lemaire;;P>29128;3;0,295;;;06/02/2012;08:30
ST QUENTIN;;Verre Couleur;2691;ST QUENTIN;ST QUENTIN;Parking rue Leon Lemaire;;P>29128;3;0,359;;;14/02/2012;14:51
ST QUENTIN;;Verre Couleur;2691;ST QUENTIN;ST QUENTIN;Parking rue Leon Lemaire;;P>29128;3;0,321;;;21/02/2012;08:56
ST QUENTIN;;Verre Couleur;2691;ST QUENTIN;ST QUENTIN;Parking rue Leon Lemaire;;P>29128;3;0,398;;;28/02/2012;14:23
ST QUENTIN;;Verre Couleur;2691;ST QUENTIN;ST QUENTIN;Rue Lamartine;;P>29289;3;0,421;;;06/02/2012;10:36
ST QUENTIN;;Verre Couleur;2691;ST QUENTIN;ST QUENTIN NORD;BD JKF (aldi);E-2 S / H -3S;P>29339;3;0,488;;;01/02/2012;08:47
ST QUENTIN;;Verre Couleur;2691;ST QUENTIN;ST QUENTIN NORD;BD JKF (aldi);E-2 S / H -3S;P>29339;3;0,725;;;21/02/2012;12:02
ST QUENTIN;;Verre Couleur;2691;ST QUENTIN;SAINT QUENTIN CENTRE;Avenue Faidherbe (bas);;P>30778;3;0,407;;;21/02/2012;09:06
