ST QUENTIN;;Verre Couleur;2142;CASTRES;CASTRES;Caserne pompiers collecte avec J Bouin;196;P>34580;1;0,068;;;01/03/2013;06:50
ST QUENTIN;;Verre Couleur;2288;ESSIGNY LE PETIT;ESSIGNY LE PETIT;Caserne pompiers collecte avec J Bouin;196;P>34580;1;0,068;;;07/03/2013;09:43
ST QUENTIN;;Verre Couleur;2303;FAYET;FAYET;Rue du Commandant Guy (salle de sport);234;P>25741;4;0,645;;;06/03/2013;07:08
ST QUENTIN;;Verre Couleur;2303;FAYET;FAYET;Angle J Blanchot / L lemaire face crèche;195;P>33899;3;0,372;;;06/03/2013;06:58
ST QUENTIN;;Verre Couleur;2303;FAYET;FAYET;Angle J Blanchot / L lemaire face crèche;195;P>33899;3;0,454;;;06/03/2013;07:03
ST QUENTIN;;Verre Couleur;2303;FAYET;FAYET;Rue Raoul Huguet face au n° 12 (bas);194;P>33898;3;0,585;;;14/03/2013;10:40
ST QUENTIN;;Verre Couleur;2303;FAYET;FAYET;Avenue Faidherbe (bas);193;P>30778;4;0,335;;;20/03/2013;09:05
ST QUENTIN;;Verre Couleur;2303;FAYET;FAYET;Dans l'Hopital rue fayet (platef dechets;190;P>29649;3;0,869;;;20/03/2013;08:47
ST QUENTIN;;Verre Couleur;2303;FAYET;FAYET;Rue Henri Matisse Domaine St Jacques;188;P>26944;4;1,163;;;20/03/2013;08:58
ST QUENTIN;;Verre Couleur;2303;FAYET;FAYET;Rue de touraine (le long du canal);187;P>25745;3;0,715;;;20/03/2013;08:49
ST QUENTIN;;Verre Couleur;2303;FAYET;FAYET;Rue de touraine (le long du canal);187;P>25745;3;0,565;;;27/03/2013;08:02
ST QUENTIN;;Verre Couleur;2303;FAYET;FAYET;Leclerc;182;P>26751;3;0,604;;;27/03/2013;08:03
ST QUENTIN;;Verre Couleur;2310;FIEULAINE;FIEULAINE;Déchetterie;181;P>25750;4;0,552;;;07/03/2013;10:20
ST QUENTIN;;Verre Couleur;2319;FONSOMMES;FONSOMMES;Déchetterie;181;P>31032;3;0,498;;;07/03/2013;09:30
ST QUENTIN;;Verre Couleur;2319;FONSOMMES;FONSOMMES;Déchetterie;181;P>25750;4;0,8;;;07/03/2013;09:35
ST QUENTIN;;Verre Couleur;2322;FONTAINE NOTRE DAME;FONTAINE NOTRE DAME;Intermarché;179;P>25772;4;1,016;;;07/03/2013;09:21
ST QUENTIN;;Verre Couleur;2322;FONTAINE NOTRE DAME;FONTAINE NOTRE DAME;Intermarché;179;P>25773;4;1,032;;;07/03/2013;10:28
ST QUENTIN;;Verre Couleur;2340;GAUCHY;GAUCHY;Intermarché;179;P>25772;4;0,807;;;01/03/2013;06:20
ST QUENTIN;;Verre Couleur;2340;GAUCHY;GAUCHY;Intermarché;179;P>25773;4;0,682;;;01/03/2013;06:21
ST QUENTIN;;Verre Couleur;2340;GAUCHY;GAUCHY;Intermarché;179;P>25772;4;1,097;;;01/03/2013;07:20
ST QUENTIN;;Verre Couleur;2340;GAUCHY;GAUCHY;Intermarché;179;P>25773;4;0,73;;;04/03/2013;07:01
ST QUENTIN;;Verre Couleur;2340;GAUCHY;GAUCHY;Intermarché;179;P>25772;4;0,678;;;04/03/2013;07:00
ST QUENTIN;;Verre Couleur;2340;GAUCHY;GAUCHY;Intermarché;179;P>25773;4;0,64;;;06/03/2013;05:41
ST QUENTIN;;Verre Couleur;2340;GAUCHY;GAUCHY;Intermarché;179;P>25772;4;0,95;;;06/03/2013;05:42
ST QUENTIN;;Verre Couleur;2340;GAUCHY;GAUCHY;Intermarché;179;P>25773;4;1,002;;;06/03/2013;06:15
ST QUENTIN;;Verre Couleur;2340;GAUCHY;GAUCHY;Déchetterie route de chauny;178;P>25779;4;0,557;;;06/03/2013;06:07
ST QUENTIN;;Verre Couleur;2340;GAUCHY;GAUCHY;Déchetterie route de chauny;178;P>31031;3;0,65;;;11/03/2013;08:02
ST QUENTIN;;Verre Couleur;2340;GAUCHY;GAUCHY;Déchetterie route de chauny;178;P>31031;3;0,992;;;11/03/2013;08:04
ST QUENTIN;;Verre Couleur;2340;GAUCHY;GAUCHY;Déchetterie route de chauny;178;P>25779;4;0,516;;;14/03/2013;08:08
ST QUENTIN;;Verre Couleur;2340;GAUCHY;GAUCHY;Déchetterie route de chauny;178;P>31031;3;0,629;;;14/03/2013;08:06
ST QUENTIN;;Verre Couleur;2340;GAUCHY;GAUCHY;Déchetterie route de chauny;178;P>31031;3;0,502;;;14/03/2013;08:17
ST QUENTIN;;Verre Couleur;2340;GAUCHY;GAUCHY;Déchetterie route de chauny;178;P>25779;4;1,126;;;18/03/2013;10:06
ST QUENTIN;;Verre Couleur;2340;GAUCHY;GAUCHY;Av du Cimetière de la Tombelle;177;P>25676;4;0,82;;;20/03/2013;07:06
ST QUENTIN;;Verre Couleur;2340;GAUCHY;GAUCHY;Av du Cimetière de la Tombelle;177;P>25676;4;0,714;;;20/03/2013;07:04
ST QUENTIN;;Verre Couleur;2340;GAUCHY;GAUCHY;Grande Rue;175;P>25675;3;0,755;;;20/03/2013;07:17
ST QUENTIN;;Verre Couleur;2340;GAUCHY;GAUCHY;Rue de Paris / Face au stade de foot;170;P>25669;3;0,648;;;20/03/2013;07:50
ST QUENTIN;;Verre Couleur;2340;GAUCHY;GAUCHY;Rue des Valenciennes;169;P>25687;4;1,112;;;20/03/2013;08:07
ST QUENTIN;;Verre Couleur;2340;GAUCHY;GAUCHY;Rue des Valenciennes;169;P>25687;4;0,884;;;20/03/2013;08:00
ST QUENTIN;;Verre Couleur;2340;GAUCHY;GAUCHY;Av de la République (face au n° 29);165;P>25710;3;0,485;;;25/03/2013;10:23
ST QUENTIN;;Verre Couleur;2340;GAUCHY;GAUCHY;Av de la République (face au n° 29);165;P>25710;3;0,365;;;25/03/2013;10:23
ST QUENTIN;;Verre Couleur;2340;GAUCHY;GAUCHY;Av de la République (face au n° 29);165;P>25710;3;0,407;;;27/03/2013;06:56
ST QUENTIN;;Verre Couleur;2340;GAUCHY;GAUCHY;Av de la République (face au n° 29);165;P>25710;3;0,564;;;27/03/2013;06:55
ST QUENTIN;;Verre Couleur;2359;GRUGIES;GRUGIES;Bd du Dr Camille Guérin;164;P>25651;3;0,663;;;01/03/2013;06:40
ST QUENTIN;;Verre Couleur;2359;GRUGIES;GRUGIES;Bd du Dr Camille Guérin;164;P>25651;3;0,546;;;01/03/2013;06:45
ST QUENTIN;;Verre Couleur;2359;GRUGIES;GRUGIES;Bd Cordier;163;P>25650;3;0,954;;;01/03/2013;07:00
ST QUENTIN;;Verre Couleur;2371;HARLY;HARLY;Bd Cordier;163;P>25650;3;0,714;;;04/03/2013;11:05
ST QUENTIN;;Verre Couleur;2371;HARLY;HARLY;Rue Georges Sand;162;P>25674;3;0,434;;;06/03/2013;09:38
ST QUENTIN;;Verre Couleur;2371;HARLY;HARLY;Rue J Falloux (salle des aviateurs);161;P>25673;3;0,572;;;06/03/2013;09:35
ST QUENTIN;;Verre Couleur;2371;HARLY;HARLY;Rue du Commandant Charcot;159;P>25672;3;0,74;;;06/03/2013;09:41
ST QUENTIN;;Verre Couleur;2371;HARLY;HARLY;Rue Boileau;157;P>25709;3;0,814;;;06/03/2013;09:42
ST QUENTIN;;Verre Couleur;2371;HARLY;HARLY;Rue Voltaire;153;P>26940;3;0,572;;;06/03/2013;09:43
ST QUENTIN;;Verre Couleur;2371;HARLY;HARLY;Rue Poete;152;P>25707;3;0,62;;;15/03/2013;07:22
ST QUENTIN;;Verre Couleur;2371;HARLY;HARLY;Rue Poete;152;P>25707;3;0,714;;;15/03/2013;07:24
ST QUENTIN;;Verre Couleur;2371;HARLY;HARLY;Rue de Champagne;147;P>25686;3;0,809;;;18/03/2013;10:06
ST QUENTIN;;Verre Couleur;2371;HARLY;HARLY;Auchan (accés Fayet);145;P>25737;3;0,579;;;20/03/2013;10:42
ST QUENTIN;;Verre Couleur;2371;HARLY;HARLY;AUCHAN;145;P>29297;4;0,548;;;20/03/2013;10:39
ST QUENTIN;;Verre Couleur;2371;HARLY;HARLY;Auchan (accés Fayet);145;P>25737;3;0,515;;;28/03/2013;09:33
ST QUENTIN;;Verre Couleur;2371;HARLY;HARLY;Auchan (accés Fayet);145;P>25737;3;0,611;;;28/03/2013;09:34
ST QUENTIN;;Verre Couleur;2371;HARLY;HARLY;AUCHAN;145;P>29297;4;0,901;;;28/03/2013;09:35
ST QUENTIN;;Verre Couleur;2383;HOMBLIERES;HOMBLIERES;Auchan (accés Fayet);145;P>25737;3;0,488;;;15/03/2013;07:38
ST QUENTIN;;Verre Couleur;2383;HOMBLIERES;HOMBLIERES;AUCHAN;145;P>29297;4;0,632;;;28/03/2013;07:40
ST QUENTIN;;Verre Couleur;2383;HOMBLIERES;HOMBLIERES;Rue des Cannonniers;142;P>25729;3;0,577;;;28/03/2013;07:44
ST QUENTIN;;Verre Couleur;2383;HOMBLIERES;HOMBLIERES;Rue des Cannonniers;142;P>25729;3;0,52;;;28/03/2013;08:00
ST QUENTIN;;Verre Couleur;2420;LESDINS;LESDINS;Route du pont;141;P>25785;4;0,425;;;06/03/2013;07:57
ST QUENTIN;;Verre Couleur;2420;LESDINS;LESDINS;Route du pont;141;P>29784;3;0,542;;;06/03/2013;07:52
ST QUENTIN;;Verre Couleur;2420;LESDINS;LESDINS;Bd de Verdun;140;P>25654;4;0,924;;;27/03/2013;09:04
ST QUENTIN;;Verre Couleur;2420;LESDINS;LESDINS;Bd de Verdun;140;P>25654;4;0,714;;;27/03/2013;08:58
ST QUENTIN;;Verre Couleur;2459;MARCY;MARCY;Rue Florent Montigny Mairie;137;P>25764;3;0,645;;;07/03/2013;09:12
ST QUENTIN;;Verre Couleur;2481;MESNIL ST LAURENT;MESNIL ST LAURENT;Rue de la Fère (parking);136;P>25649;4;0,982;;;07/03/2013;10:46
ST QUENTIN;;Verre Couleur;2525;MORCOURT;MORCOURT;Rue de la Fère (NETTO);135;P>25648;4;0,857;;;07/03/2013;09:54
ST QUENTIN;;Verre Couleur;2549;NEUVILLE ST AMAND;NEUVILLE ST AMAND;Rue de la Fère (NETTO);135;P>25648;4;0,655;;;20/03/2013;07:40
ST QUENTIN;;Verre Couleur;2549;NEUVILLE ST AMAND;NEUVILLE ST AMAND;Route de ST Quentin;133;P>25769;3;0,718;;;20/03/2013;07:30
ST QUENTIN;;Verre Couleur;2571;OMISSY;OMISSY;Route de ST Quentin;133;P>25769;3;0,875;;;06/03/2013;09:16
ST QUENTIN;;Verre Couleur;2571;OMISSY;OMISSY;Rue de l'église;132;P>25753;3;0,939;;;06/03/2013;09:17
ST QUENTIN;;Verre Couleur;2571;OMISSY;OMISSY;Place de la Mairie;129;P>25788;3;0,974;;;20/03/2013;10:20
ST QUENTIN;;Verre Couleur;2637;REMAUCOURT;REMAUCOURT;Rue du Commandant Guy (terrain de foot);128;P>25746;3;0,894;;;07/03/2013;10:05
ST QUENTIN;;Verre Couleur;2659;ROUVROY;ROUVROY;Rue de la Fere;127;P>25786;4;0,906;;;06/03/2013;09:25
ST QUENTIN;;Verre Couleur;2659;ROUVROY;ROUVROY;Rue de Picardie;125;P>25744;4;0,674;;;28/03/2013;08:11
ST QUENTIN;;Verre Couleur;2691;ST QUENTIN;ST QUENTIN CENTRE;Rue de Picardie;125;P>25744;4;0,781;;;04/03/2013;07:36
ST QUENTIN;;Verre Couleur;2691;ST QUENTIN;ST QUENTIN CENTRE;Rue Sainte Camione;123;P>25767;3;0,928;;;04/03/2013;08:47
ST QUENTIN;;Verre Couleur;2691;ST QUENTIN;ST QUENTIN;Rue Sainte Huneguonde;121;P>25762;4;1,224;;;04/03/2013;07:25
ST QUENTIN;;Verre Couleur;2691;ST QUENTIN;ST QUENTIN CENTRE;Rue Aimé Gosset;120;P>25761;4;1,064;;;04/03/2013;08:17
ST QUENTIN;;Verre Couleur;2691;ST QUENTIN;ST QUENTIN EST;Rue Aimé Gosset;120;P>25761;4;0,821;;;04/03/2013;10:02
ST QUENTIN;;Verre Couleur;2691;ST QUENTIN;ST QUENTIN CENTRE;Rue de Bellevue (salle polyvalente);119;P>25760;4;0,811;;;04/03/2013;08:23
ST QUENTIN;;Verre Couleur;2691;ST QUENTIN;ST QUENTIN CENTRE;Leclerc;117;P>25757;4;0,399;;;04/03/2013;09:23
ST QUENTIN;;Verre Couleur;2691;ST QUENTIN;ST QUENTIN CENTRE;Leclerc;117;P>25758;4;0,666;;;04/03/2013;09:49
ST QUENTIN;;Verre Couleur;2691;ST QUENTIN;ST QUENTIN SUD EST;Leclerc;117;P>25759;4;0,94;;;04/03/2013;10:21
ST QUENTIN;;Verre Couleur;2691;ST QUENTIN;ST QUENTIN SUD OUEST;Leclerc;117;P>25757;4;0,824;;;04/03/2013;10:41
ST QUENTIN;;Verre Couleur;2691;ST QUENTIN;ST QUENTIN SUD OUEST;Leclerc;117;P>25758;4;0,63;;;04/03/2013;10:56
ST QUENTIN;;Verre Couleur;2691;ST QUENTIN;ST QUENTIN CENTRE;Leclerc;117;P>25757;4;0,941;;;04/03/2013;07:41
ST QUENTIN;;Verre Couleur;2691;ST QUENTIN;ST QUENTIN CENTRE;Leclerc;117;P>25757;4;0,766;;;04/03/2013;09:01
ST QUENTIN;;Verre Couleur;2691;ST QUENTIN;ST QUENTIN CENTRE;Leclerc;117;P>25759;4;0,838;;;04/03/2013;09:56
ST QUENTIN;;Verre Couleur;2691;ST QUENTIN;ST QUENTIIN SUD EST;Leclerc;117;P>25758;4;0,794;;;04/03/2013;10:32
ST QUENTIN;;Verre Couleur;2691;ST QUENTIN;ST QUENTIN CENTRE;Leclerc;117;P>25759;4;1,138;;;04/03/2013;07:55
ST QUENTIN;;Verre Couleur;2691;ST QUENTIN;ST QUENTIN CENTRE;Leclerc;117;P>25757;4;0,972;;;04/03/2013;09:36
ST QUENTIN;;Verre Couleur;2691;ST QUENTIN;ST QUENTIN NORD;Rue du Marais;115;P>25755;4;0,657;;;04/03/2013;10:10
ST QUENTIN;;Verre Couleur;2691;ST QUENTIN;ST QUENTIN SUD OUEST;Rue de Picardie;114;P>25754;3;0,699;;;06/03/2013;06:50
ST QUENTIN;;Verre Couleur;2691;ST QUENTIN;ST QUENTIN SUD OUEST;Rue d'Ile de France dérrière Eglise;113;P>25784;3;0,531;;;06/03/2013;06:40
ST QUENTIN;;Verre Couleur;2691;ST QUENTIN;ST QUENTIN SUD OUEST;Rue Paul Langevin / Place 8 mai 1945;111;P>25781;3;0,779;;;06/03/2013;06:34
ST QUENTIN;;Verre Couleur;2691;ST QUENTIN;ST QUENTIN NORD;Rue Paul Langevin / Place 8 mai 1945;111;P>25781;3;0,678;;;06/03/2013;08:43
ST QUENTIN;;Verre Couleur;2691;ST QUENTIN;ST QUENTIN NORD;Place Moulin tous vents;109;P>25777;4;1,112;;;06/03/2013;08:44
ST QUENTIN;;Verre Couleur;2691;ST QUENTIN;ST QUENTIN NORD;Rue Georges Herbin;107;P>25775;3;0,859;;;06/03/2013;07:22
ST QUENTIN;;Verre Couleur;2691;ST QUENTIN;ST QUENTIN EST;Place des sports;106;P>25774;4;1,047;;;06/03/2013;08:08
ST QUENTIN;;Verre Couleur;2691;ST QUENTIN;SAINT QUENTIN;Pk Brico Cash Rue Auguste;105;P>25782;4;1,055;;;06/03/2013;08:12
ST QUENTIN;;Verre Couleur;2691;ST QUENTIN;ST QUENTIN EST;Pk Brico Cash Rue Auguste;105;P>25782;4;0,911;;;06/03/2013;09:05
ST QUENTIN;;Verre Couleur;2691;ST QUENTIN;ST QUENTIN EST;Rue du Château (devant Mairie);104;P>25743;3;0,899;;;06/03/2013;08:56
ST QUENTIN;;Verre Couleur;2691;ST QUENTIN;ST QUENTIN EST;Grande Rue;103;P>25742;3;0,822;;;06/03/2013;08:16
ST QUENTIN;;Verre Couleur;2691;ST QUENTIN;ST QUENTIN EST;Grand Place (transformateur);102;P>25740;3;0,569;;;06/03/2013;08:24
ST QUENTIN;;Verre Couleur;2691;ST QUENTIN;ST QUENTIN EST;Rue Carlier;101;P>25739;3;0,665;;;06/03/2013;08:31
ST QUENTIN;;Verre Couleur;2691;ST QUENTIN;ST QUENTIN;Chemin Vert;99;P>25734;3;0,515;;;11/03/2013;08:12
ST QUENTIN;;Verre Couleur;2691;ST QUENTIN;St Quentin;Chemin Vert;99;P>25734;3;0,499;;;11/03/2013;08:41
ST QUENTIN;;Verre Couleur;2691;ST QUENTIN;SAINT QUENTIN CENTRE;Rue du 8 Mai 1945;98;P>25733;4;0,894;;;11/03/2013;08:52
ST QUENTIN;;Verre Couleur;2691;ST QUENTIN;ST QUENTIN CENTRE;Rue du Fort;96;P>25770;3;0,849;;;11/03/2013;09:03
ST QUENTIN;;Verre Couleur;2691;ST QUENTIN;ST QUENTIN CENTRE;Rue de Paris / Rue du Gle Debeney;94;P>25670;4;0,962;;;11/03/2013;09:12
ST QUENTIN;;Verre Couleur;2691;ST QUENTIN;ST QUENTIN CENTRE;Rue de Paris (ALDI);92;P>25668;3;0,596;;;11/03/2013;09:26
ST QUENTIN;;Verre Couleur;2691;ST QUENTIN;ST QUENTIN CENTRE;Rue J Blanchot;89;P>25646;4;1,123;;;11/03/2013;09:41
ST QUENTIN;;Verre Couleur;2691;ST QUENTIN;ST QUENTIN CENTRE;Rue J Blanchot;89;P>25646;4;0,633;;;11/03/2013;09:52
ST QUENTIN;;Verre Couleur;2691;ST QUENTIN;ST QUENTIN CENTRE;Rue Raoul Huguet;88;P>25645;3;0,799;;;11/03/2013;10:00
ST QUENTIN;;Verre Couleur;2691;ST QUENTIN;ST QUENTIN CENTRE;Parking rue Leon Lemaire;87;P>29127;4;0,722;;;11/03/2013;10:05
ST QUENTIN;;Verre Couleur;2691;ST QUENTIN;ST QUENTIN CENTRE;Parking rue Leon Lemaire;87;P>29127;4;0,449;;;11/03/2013;10:12
ST QUENTIN;;Verre Couleur;2691;ST QUENTIN;ST QUENTIN CENTRE;Angle rue collette (LIDL) Richepin FND;85;P>25643;3;0,495;;;11/03/2013;10:26
ST QUENTIN;;Verre Couleur;2691;ST QUENTIN;ST QUENTIN EST;Angle rue collette (LIDL) Richepin FND;85;P>25643;3;0,424;;;11/03/2013;10:35
ST QUENTIN;;Verre Couleur;2691;ST QUENTIN;ST QUENTIN NORD;Angle rue collette (LIDL) Richepin FND;85;P>25643;3;0,269;;;11/03/2013;10:46
ST QUENTIN;;Verre Couleur;2691;ST QUENTIN;ST QUENTIN SUD EST;Angle rue collette (LIDL) Richepin FND;85;P>25643;3;0,335;;;11/03/2013;10:52
ST QUENTIN;;Verre Couleur;2691;ST QUENTIN;ST QUENTIN SUD EST;Rue de Guise;84;P>25642;3;0,811;;;11/03/2013;11:00
ST QUENTIN;;Verre Couleur;2691;ST QUENTIN;ST QUENTIN SUD EST;Rue de Guise;84;P>28642;3;0,59;;;11/03/2013;11:07
ST QUENTIN;;Verre Couleur;2691;ST QUENTIN;ST QUENTIN SUD EST;Av R Schuman (SIMPLY MARKET);82;P>25706;3;0,3;;;14/03/2013;08:41
ST QUENTIN;;Verre Couleur;2691;ST QUENTIN;ST QUENTIN SUD EST;Av R Schuman (SIMPLY MARKET);82;P>25706;3;0,287;;;14/03/2013;08:46
ST QUENTIN;;Verre Couleur;2691;ST QUENTIN;ST QUENTIN SUD EST;Av R Schuman (SIMPLY MARKET);82;P>25706;3;0,786;;;14/03/2013;08:52
ST QUENTIN;;Verre Couleur;2691;ST QUENTIN;ST QUENTIN SUD EST;Av R Schuman (centre social Europe);81;P>25705;3;0,776;;;14/03/2013;09:01
ST QUENTIN;;Verre Couleur;2691;ST QUENTIN;ST QUENTIN SUD EST;Rue Boileau/Rue G St Hilaire;80;P>25704;3;0,54;;;14/03/2013;08:33
ST QUENTIN;;Verre Couleur;2691;ST QUENTIN;ST QUENTIN SUD EST;Rue Boileau/Rue H Barbusse;79;P>25703;3;0,595;;;14/03/2013;08:27
ST QUENTIN;;Verre Couleur;2691;ST QUENTIN;ST QUENTIN SUD OUEST;RD 675 vers Omissy vers déchetterie;78;P>25702;4;0,768;;;14/03/2013;10:03
ST QUENTIN;;Verre Couleur;2691;ST QUENTIN;ST QUENTIN SUD OUEST;Rue G Brassens;75;P>25699;3;0,607;;;14/03/2013;10:28
ST QUENTIN;;Verre Couleur;2691;ST QUENTIN;ST QUENTIN SUD OUEST;Rue H Dunant;74;P>25698;3;0,741;;;14/03/2013;10:30
ST QUENTIN;;Verre Couleur;2691;ST QUENTIN;ST QUENTIN SUD OUEST;Bd J Bouin (camping);73;P>25697;3;0,682;;;14/03/2013;10:25
ST QUENTIN;;Verre Couleur;2691;ST QUENTIN;ST QUENTIN SUD OUEST;Bd J Bouin (camping);73;P>25696;3;0,644;;;14/03/2013;10:27
ST QUENTIN;;Verre Couleur;2691;ST QUENTIN;ST QUENTIN SUD OUEST;Rue Fayet (angle R. JY Cousteau);68;P>25685;3;0,541;;;14/03/2013;10:09
ST QUENTIN;;Verre Couleur;2691;ST QUENTIN;ST QUENTIN SUD OUEST;Rue du Dr Cordier/Allée des Tilleuls;63;P>25666;4;0,788;;;14/03/2013;09:53
ST QUENTIN;;Verre Couleur;2691;ST QUENTIN;ST QUENTIN SUD OUEST;Rue du Dr Cordier/Allée des Tilleuls;63;P>25666;4;0,776;;;14/03/2013;10:18
ST QUENTIN;;Verre Couleur;2691;ST QUENTIN;ST QUENTIN SUD OUEST;Angle Av Me François Hugues/Accacias;62;P>25665;3;0,658;;;14/03/2013;09:37
ST QUENTIN;;Verre Couleur;2691;ST QUENTIN;ST QUENTIN SUD OUEST;Angle Av Me François Hugues/Accacias;62;P>25665;3;0,632;;;14/03/2013;09:47
ST QUENTIN;;Verre Couleur;2691;ST QUENTIN;ST QUENTIN SUD OUEST;Rue de la Chaussée romaine (école);61;P>25664;4;0,778;;;14/03/2013;09:21
ST QUENTIN;;Verre Couleur;2691;ST QUENTIN;ST QUENTIN NORD;Déchetterie (Rue A Parmentier) Vidam;60;P>27069;3;0,51;;;14/03/2013;11:17
ST QUENTIN;;Verre Couleur;2691;ST QUENTIN;ST QUENTIN NORD;Déchetterie (Rue A Parmentier) Vidam;60;P>25661;3;0,551;;;14/03/2013;11:16
ST QUENTIN;;Verre Couleur;2691;ST QUENTIN;ST QUENTIN NORD;Déchetterie (Rue A Parmentier) Vidam;60;P>25662;3;0,592;;;14/03/2013;11:31
ST QUENTIN;;Verre Couleur;2691;ST QUENTIN;ST QUENTIN NORD;Déchetterie (Rue A Parmentier) Vidam;60;P>25663;3;0,847;;;14/03/2013;11:33
ST QUENTIN;;Verre Couleur;2691;ST QUENTIN;ST QUENTIN NORD;Déchetterie (Rue A Parmentier) Vidam;60;P>27069;3;0,447;;;14/03/2013;11:05
ST QUENTIN;;Verre Couleur;2691;ST QUENTIN;ST QUENTIN NORD;Déchetterie (Rue A Parmentier) Vidam;60;P>25661;3;0,498;;;14/03/2013;10:55
ST QUENTIN;;Verre Couleur;2691;ST QUENTIN;ST QUENTIN EST;Déchetterie (Rue A Parmentier) Vidam;60;P>25662;3;0,771;;;14/03/2013;11:46
ST QUENTIN;;Verre Couleur;2691;ST QUENTIN;ST QUENTIN EST;Déchetterie (Rue A Parmentier) Vidam;60;P>25663;3;0,503;;;15/03/2013;07:55
ST QUENTIN;;Verre Couleur;2691;ST QUENTIN;ST QUENTIN EST;Rue de la Fère (friterie);58;P>25641;3;0,823;;;15/03/2013;08:03
ST QUENTIN;;Verre Couleur;2691;ST QUENTIN;ST QUENTIN EST;Bd du Maréchal Juin (haut);57;P>25640;3;0,755;;;15/03/2013;08:11
ST QUENTIN;;Verre Couleur;2691;ST QUENTIN;ST QUENTIN EST;Bd du Maréchal Juin (haut);57;P>25640;3;0,993;;;15/03/2013;08:16
ST QUENTIN;;Verre Couleur;2691;ST QUENTIN;ST QUENTIN EST;Bd du Maréchal Juin (bas);55;P>25639;4;0,699;;;15/03/2013;08:24
ST QUENTIN;;Verre Couleur;2691;ST QUENTIN;ST QUENTIN;Rue d'Ostende;54;P>25638;3;0,73;;;15/03/2013;08:46
ST QUENTIN;;Verre Couleur;2691;ST QUENTIN;ST QUENTIN SUD EST;Rue d'Ostende;54;P>25638;3;0,644;;;15/03/2013;08:51
ST QUENTIN;;Verre Couleur;2691;ST QUENTIN;ST QUENTIN SUD EST;Rue de la Fère (face n°22);51;P>25637;4;1,224;;;15/03/2013;08:58
ST QUENTIN;;Verre Couleur;2691;ST QUENTIN;SAINT QUENTIN;Rue Charles Foucault;50;P>25636;3;0,594;;;18/03/2013;10:41
ST QUENTIN;;Verre Couleur;2691;ST QUENTIN;ST QUENTIN;Rue Charles Foucault;50;P>25636;3;0,497;;;18/03/2013;07:57
ST QUENTIN;;Verre Couleur;2691;ST QUENTIN;ST QUENTIN CENTRE;Place Carnot;49;P>25635;3;0,435;;;18/03/2013;09:30
ST QUENTIN;;Verre Couleur;2691;ST QUENTIN;ST QUENTIN CENTRE;Av Léo Lagrange;48;P>25634;3;0,344;;;18/03/2013;10:24
ST QUENTIN;;Verre Couleur;2691;ST QUENTIN;ST QUENTIN CENTRE;Av Léo Lagrange;48;P>25634;3;0,333;;;18/03/2013;09:58
ST QUENTIN;;Verre Couleur;2691;ST QUENTIN;ST QUENTIN CENTRE;Av du Gle de Gaulle;46;P>25694;4;0,781;;;18/03/2013;09:39
ST QUENTIN;;Verre Couleur;2691;ST QUENTIN;ST QUENTIN CENTRE;Av du Gle de Gaulle;46;P>25694;4;0,7;;;18/03/2013;08:31
ST QUENTIN;;Verre Couleur;2691;ST QUENTIN;ST QUENTIN CENTRE;Av du Gle de Gaulle;46;P>25694;4;0,499;;;18/03/2013;09:35
ST QUENTIN;;Verre Couleur;2691;ST QUENTIN;ST QUENTIN CENTRE;Av du Gle de Gaulle;46;P>25694;4;0,956;;;18/03/2013;08:15
ST QUENTIN;;Verre Couleur;2691;ST QUENTIN;ST QUENTIN CENTRE;Rue du Cdt G Bieler;45;P>25693;3;0,475;;;18/03/2013;08:54
ST QUENTIN;;Verre Couleur;2691;ST QUENTIN;ST QUENTIN CENTRE;Rue du Cdt G Bieler;45;P>25693;3;0,553;;;18/03/2013;09:49
ST QUENTIN;;Verre Couleur;2691;ST QUENTIN;ST QUENTIN CENTRE;Bd J Bouin (Pompier);42;P>25690;3;0,515;;;18/03/2013;08:19
ST QUENTIN;;Verre Couleur;2691;ST QUENTIN;ST QUENTIN CENTRE;Bd J Bouin (Pompier);42;P>25690;3;0,548;;;18/03/2013;08:32
ST QUENTIN;;Verre Couleur;2691;ST QUENTIN;ST QUENTIN EST;CORA (parking);41;P>25683;3;0,721;;;18/03/2013;08:27
ST QUENTIN;;Verre Couleur;2691;ST QUENTIN;ST QUENTIN NORD;CORA (parking);41;P>25684;4;0,935;;;18/03/2013;09:03
ST QUENTIN;;Verre Couleur;2691;ST QUENTIN;ST QUENTIN SUD EST;CORA (parking);41;P>25683;3;0,918;;;18/03/2013;08:03
ST QUENTIN;;Verre Couleur;2691;ST QUENTIN;ST QUENTIN SUD OUEST;CORA (parking);41;P>25684;4;0,434;;;18/03/2013;09:19
ST QUENTIN;;Verre Couleur;2691;ST QUENTIN;ST QUENTIN SUD EST;CORA (parking);41;P>25683;3;0,761;;;20/03/2013;06:37
ST QUENTIN;;Verre Couleur;2691;ST QUENTIN;ST QUENTIN SUD OUEST;CORA (parking);41;P>25683;3;1,063;;;20/03/2013;08:23
ST QUENTIN;;Verre Couleur;2691;ST QUENTIN;ST QUENTIN SUD OUEST;CORA (parking);41;P>25684;4;1,156;;;20/03/2013;08:15
ST QUENTIN;;Verre Couleur;2691;ST QUENTIN;ST QUENTIN NORD;Av R Schuman/Rue G Pompidou;39;P>25689;3;0,717;;;20/03/2013;09:16
ST QUENTIN;;Verre Couleur;2691;ST QUENTIN;ST QUENTIN NORD;Rue Alfred Clin (hors Heures scolaires);36;P>25682;3;0,837;;;20/03/2013;09:31
ST QUENTIN;;Verre Couleur;2691;ST QUENTIN;ST QUENTIN EST;Rue Alfred Clin (hors Heures scolaires);36;P>25682;3;0,863;;;20/03/2013;10:05
ST QUENTIN;;Verre Couleur;2691;ST QUENTIN;ST QUENTIN EST;Rue Alfred Clin (hors Heures scolaires);36;P>25682;3;0,423;;;20/03/2013;09:50
ST QUENTIN;;Verre Couleur;2691;ST QUENTIN;ST QUENTIN;Rue Henriette Cabot;34;P>25681;3;0,567;;;25/03/2013;08:05
ST QUENTIN;;Verre Couleur;2691;ST QUENTIN;ST QUENTIN CENTRE;BD JKF (aldi);33;P>29339;3;0,637;;;25/03/2013;09:35
ST QUENTIN;;Verre Couleur;2691;ST QUENTIN;ST QUENTIN CENTRE;Av des anciens Combattants d'AFN;32;P>25679;4;0,909;;;25/03/2013;10:03
ST QUENTIN;;Verre Couleur;2691;ST QUENTIN;ST QUENTIN CENTRE;Bd de Richelieu (angle rue des Glacis);30;P>25726;3;0,824;;;25/03/2013;09:44
ST QUENTIN;;Verre Couleur;2691;ST QUENTIN;ST QUENTIN CENTRE;Bd de Richelieu (angle rue des Glacis);30;P>25726;3;0,766;;;25/03/2013;10:14
ST QUENTIN;;Verre Couleur;2691;ST QUENTIN;ST QUENTIN CENTRE;Rue Théophile Gautier PORTEUR;29;P>25678;4;0,757;;;25/03/2013;08:59
ST QUENTIN;;Verre Couleur;2691;ST QUENTIN;ST QUENTIN CENTRE;Rue Théophile Gautier PORTEUR;29;P>25678;4;0,533;;;25/03/2013;09:01
ST QUENTIN;;Verre Couleur;2691;ST QUENTIN;ST QUENTIN CENTRE;Place du 87 RI Rue Thiers;28;P>25677;3;0,48;;;25/03/2013;09:10
ST QUENTIN;;Verre Couleur;2691;ST QUENTIN;ST QUENTIN EST;Place du 87 RI Rue Thiers;28;P>28483;3;0,592;;;25/03/2013;08:55
ST QUENTIN;;Verre Couleur;2691;ST QUENTIN;ST QUENTIN NORD;Place du 87 RI Rue Thiers;28;P>25677;3;0,545;;;25/03/2013;09:20
ST QUENTIN;;Verre Couleur;2691;ST QUENTIN;ST QUENTIN NORD;Place du 87 RI Rue Thiers;28;P>28483;3;0,529;;;25/03/2013;09:28
ST QUENTIN;;Verre Couleur;2691;ST QUENTIN;ST QUENTIN SUD EST;Av Faidherbe;27;P>25725;3;0,289;;;25/03/2013;08:17
ST QUENTIN;;Verre Couleur;2691;ST QUENTIN;ST QUENTIN SUD EST;Av Faidherbe;27;P>25725;3;0,605;;;25/03/2013;08:30
ST QUENTIN;;Verre Couleur;2691;ST QUENTIN;ST QUENTIIN SUD EST;Bvd Henri Martin;26;P>25724;3;0,62;;;25/03/2013;08:37
ST QUENTIN;;Verre Couleur;2691;ST QUENTIN;ST QUENTIN SUD OUEST;Bvd Henri Martin;26;P>25724;3;0,325;;;25/03/2013;10:08
ST QUENTIN;;Verre Couleur;2691;ST QUENTIN;ST QUENTIN SUD OUEST;Rue Alexandre Dumas (park face ED);25;P>25671;4;0,653;;;25/03/2013;09:56
ST QUENTIN;;Verre Couleur;2691;ST QUENTIN;ST QUENTIN SUD EST;Rue Alexandre Dumas (park face ED);25;P>25671;4;0,74;;;25/03/2013;10:31
ST QUENTIN;;Verre Couleur;2691;ST QUENTIN;ST QUENTIN SUD OUEST;Rue Francois Miterrand;24;P>29120;3;0,321;;;27/03/2013;07:15
ST QUENTIN;;Verre Couleur;2691;ST QUENTIN;ST QUENTIN SUD OUEST;Rue de Peronne mairie PORTEUR;23;P>25657;3;0,517;;;27/03/2013;07:52
ST QUENTIN;;Verre Couleur;2691;ST QUENTIN;ST QUENTIN SUD OUEST;Rue de Peronne mairie PORTEUR;23;P>25657;3;0,63;;;27/03/2013;07:53
ST QUENTIN;;Verre Couleur;2691;ST QUENTIN;ST QUENTIN SUD OUEST;Rue de Peronne mairie PORTEUR;23;P>25657;3;0,342;;;27/03/2013;07:49
ST QUENTIN;;Verre Couleur;2691;ST QUENTIN;ST QUENTIN SUD OUEST;Rue de Paris (face au 105) Rue de Ham;22;P>25656;3;0,507;;;27/03/2013;07:50
ST QUENTIN;;Verre Couleur;2691;ST QUENTIN;ST QUENTIN SUD OUEST;Rue de Paris (face au 105) Rue de Ham;22;P>25656;3;0,328;;;27/03/2013;07:20
ST QUENTIN;;Verre Couleur;2691;ST QUENTIN;ST QUENTIN SUD OUEST;Rue Felix Faure (CRS 21);18;P>25728;4;1,167;;;27/03/2013;07:31
ST QUENTIN;;Verre Couleur;2691;ST QUENTIN;ST QUENTIN SUD OUEST;Bvd Roosevelt PORTEUR;17;P>25688;3;0,394;;;27/03/2013;07:41
ST QUENTIN;;Verre Couleur;2691;ST QUENTIN;ST QUENTIN SUD OUEST;Bvd Roosevelt PORTEUR;17;P>25688;3;0,743;;;27/03/2013;07:36
ST QUENTIN;;Verre Couleur;2691;ST QUENTIN;ST QUENTIN SUD OUEST;Bvd Roosevelt PORTEUR;17;P>25688;3;0,357;;;27/03/2013;07:26
ST QUENTIN;;Verre Couleur;2691;ST QUENTIN;ST QUENTIN NORD;Bvd Roosevelt PORTEUR;17;P>25688;3;0,497;;;27/03/2013;08:25
ST QUENTIN;;Verre Couleur;2691;ST QUENTIN;ST QUENTIN NORD;Rue de Baudreuil;16;P>25723;3;0,301;;;27/03/2013;08:24
ST QUENTIN;;Verre Couleur;2691;ST QUENTIN;ST QUENTIN NORD;Rue de Baudreuil;16;P>25722;3;0,467;;;27/03/2013;08:38
ST QUENTIN;;Verre Couleur;2691;ST QUENTIN;ST QUENTIN NORD;Rue de Baudreuil;16;P>25723;3;0,538;;;27/03/2013;08:32
ST QUENTIN;;Verre Couleur;2691;ST QUENTIN;ST QUENTIN NORD;Rue de Baudreuil;16;P>25722;3;0,455;;;27/03/2013;08:46
ST QUENTIN;;Verre Couleur;2691;ST QUENTIN;ST QUENTIN NORD;Rue de Baudreuil;16;P>25722;3;0,417;;;27/03/2013;08:48
ST QUENTIN;;Verre Couleur;2691;ST QUENTIN;ST QUENTIN NORD;Rue de Baudreuil;16;P>25723;3;0,402;;;27/03/2013;08:12
ST QUENTIN;;Verre Couleur;2691;ST QUENTIN;SAINT QUENTIN;Square Quentin de la Tour (Basilique);15;P>25721;3;0,584;;;27/03/2013;08:14
ST QUENTIN;;Verre Couleur;2691;ST QUENTIN;ST QUENTIN EST;Square Quentin de la Tour (Basilique);15;P>25721;3;0,618;;;27/03/2013;09:36
ST QUENTIN;;Verre Couleur;2691;ST QUENTIN;ST QUENTIN EST;Rue des Suzannes;14;P>25720;3;0,474;;;27/03/2013;09:31
ST QUENTIN;;Verre Couleur;2691;ST QUENTIN;ST QUENTIN EST;Rue des Suzannes;14;P>25720;3;0,455;;;27/03/2013;09:22
ST QUENTIN;;Verre Couleur;2691;ST QUENTIN;ST QUENTIN SUD EST;Bd Gambetta (face CIO);12;P>25719;3;0,566;;;28/03/2013;07:28
ST QUENTIN;;Verre Couleur;2691;ST QUENTIN;ST QUENTIN SUD EST;Bd Gambetta (face CIO);12;P>25719;3;0,728;;;28/03/2013;07:29
ST QUENTIN;;Verre Couleur;2691;ST QUENTIN;ST QUENTIN  EST;Rue Michelet;10;P>25718;3;0,484;;;28/03/2013;08:18
ST QUENTIN;;Verre Couleur;2691;ST QUENTIN;ST QUENTIN EST;Rue Michelet;10;P>25718;3;0,363;;;28/03/2013;08:29
ST QUENTIN;;Verre Couleur;2691;ST QUENTIN;ST QUENTIN EST;Bd Gambetta (face au n°1) en haut;9;P>25717;3;0,846;;;28/03/2013;08:35
ST QUENTIN;;Verre Couleur;2691;ST QUENTIN;ST QUENTIN EST;Bd Gambetta (face au n°1) en haut;9;P>25717;3;0,5;;;28/03/2013;08:42
ST QUENTIN;;Verre Couleur;2691;ST QUENTIN;ST QUENTIN EST;Place de la Liberté;8;P>25716;3;0,659;;;28/03/2013;08:47
ST QUENTIN;;Verre Couleur;2691;ST QUENTIN;ST QUENTIN EST;Place de la Liberté;8;P>25716;3;0,732;;;28/03/2013;08:51
ST QUENTIN;;Verre Couleur;2691;ST QUENTIN;ST QUENTIN EST;Place de la Liberté;8;P>25716;3;0,453;;;28/03/2013;08:52
ST QUENTIN;;Verre Couleur;2691;ST QUENTIN;ST QUENTIN EST;Place de la Liberté;8;P>25716;3;0,723;;;28/03/2013;08:59
ST QUENTIN;;Verre Couleur;2691;ST QUENTIN;ST QUENTIN EST;Rue A Gibert/Rue Renan;5;P>25715;4;0,528;;;28/03/2013;09:07
ST QUENTIN;;Verre Couleur;2691;ST QUENTIN;ST QUENTIN EST;Rue du Petit Origny (place du marché);4;P>25714;4;0,669;;;28/03/2013;09:11
ST QUENTIN;;Verre Couleur;2691;ST QUENTIN;ST QUENTIN SUD EST;Rue du Petit Origny (place du marché);4;P>25714;4;0,859;;;28/03/2013;09:49
ST QUENTIN;;Verre Couleur;2691;ST QUENTIN;ST QUENTIN SUD EST;Rue du Petit Origny (place du marché);4;P>25714;4;0,942;;;28/03/2013;10:03
ST QUENTIN;;Verre Couleur;2691;ST QUENTIN;ST QUENTIN SUD EST;Rue du Petit Origny (place du marché);4;P>25714;4;0,999;;;28/03/2013;10:08
ST QUENTIN;;Verre Couleur;2691;ST QUENTIN;ST QUENTIN SUD EST;Rue Varlet;3;P>25713;3;0,413;;;28/03/2013;10:16
ST QUENTIN;;Verre Couleur;2691;ST QUENTIN;ST QUENTIN SUD EST;Rue des Etats Généraux;2;P>25712;3;0,551;;;28/03/2013;10:23
ST QUENTIN;;Verre Couleur;2691;ST QUENTIN;ST QUENTIN SUD EST;Place du GI Floy;1;P>25711;3;0,383;;;28/03/2013;10:30
ST QUENTIN;;Verre Couleur;2691;ST QUENTIN;ST QUENTIN SUD EST;Place du GI Floy;1;P>25711;3;0,522;;;28/03/2013;10:36
