ST QUENTIN;;Verre Couleur;2288;ESSIGNY LE PETIT;ESSIGNY LE PETIT;Rue du 8 Mai 1945;E-2 S / H-3 S;P>25733;4;0,828;;;31/10/2012;15:55
ST QUENTIN;;Verre Couleur;2303;FAYET;FAYET;Chemin Vert;E-2 S / H-2 S;P>25734;3;0,609;;;06/11/2012;16:04
ST QUENTIN;;Verre Couleur;2303;FAYET;FAYET;Chemin Vert;E-2 S / H-2 S;P>25734;3;0,508;;;21/11/2012;08:37
ST QUENTIN;;Verre Couleur;2303;FAYET;FAYET;Auchan (accés Fayet);E-1 S / H-1 S;P>25737;3;0,484;;;08/11/2012;07:37
ST QUENTIN;;Verre Couleur;2303;FAYET;FAYET;Auchan (accés Fayet);E-1 S / H-1 S;P>25737;3;0,541;;;14/11/2012;07:48
ST QUENTIN;;Verre Couleur;2303;FAYET;FAYET;Auchan (accés Fayet);E-1 S / H-1 S;P>25737;3;0,503;;;21/11/2012;08:26
ST QUENTIN;;Verre Couleur;2303;FAYET;FAYET;Auchan (accés Fayet);E-1 S / H-1 S;P>25737;3;0,595;;;28/11/2012;08:49
ST QUENTIN;;Verre Couleur;2303;FAYET;FAYET;AUCHAN;E-1 S / H-1 S;P>29297;4;1,043;;;14/11/2012;07:49
ST QUENTIN;;Verre Couleur;2303;FAYET;FAYET;AUCHAN;E-1 S / H-1 S;P>29297;4;0,473;;;21/11/2012;08:27
ST QUENTIN;;Verre Couleur;2303;FAYET;FAYET;AUCHAN;E-1 S / H-1 S;P>29297;4;0,503;;;28/11/2012;08:50
ST QUENTIN;;Verre Couleur;2310;FIEULAINE;FIEULAINE;Rue Carlier;E-2 S / H-3 S;P>25739;3;0,66;;;31/10/2012;15:35
ST QUENTIN;;Verre Couleur;2319;FONSOMMES;FONSOMMES;Grand Place (transformateur);E-2 S / H-3 S;P>25740;3;0,432;;;31/10/2012;15:43
ST QUENTIN;;Verre Couleur;2319;FONSOMMES;FONSOMMES;Rue du Commandant Guy (salle de sport);E-3 S / H-5 S;P>25741;4;0,619;;;31/10/2012;15:47
ST QUENTIN;;Verre Couleur;2322;FONTAINE NOTRE DAME;FONTAINE NOTRE DAME;Grande Rue;E-2 S / H-3 S;P>25742;3;0,442;;;31/10/2012;15:23
ST QUENTIN;;Verre Couleur;2322;FONTAINE NOTRE DAME;FONTAINE NOTRE DAME;Rue du Château (devant Mairie);E-3 S / H-4 S;P>25743;3;0,503;;;31/10/2012;15:27
ST QUENTIN;;Verre Couleur;2340;GAUCHY;GAUCHY;Intermarché;E-1 S / H-1 S;P>25772;3;0,747;;;06/11/2012;14:30
ST QUENTIN;;Verre Couleur;2340;GAUCHY;GAUCHY;Intermarché;E-1 S / H-1 S;P>25772;3;0,837;;;14/11/2012;06:51
ST QUENTIN;;Verre Couleur;2340;GAUCHY;GAUCHY;Intermarché;E-1 S / H-1 S;P>25772;3;0,836;;;21/11/2012;07:07
ST QUENTIN;;Verre Couleur;2340;GAUCHY;GAUCHY;Intermarché;E-1 S / H-1 S;P>25772;3;0,808;;;28/11/2012;06:56
ST QUENTIN;;Verre Couleur;2340;GAUCHY;GAUCHY;Intermarché;E-1 S / H-1 S;P>25773;3;0,88;;;06/11/2012;14:29
ST QUENTIN;;Verre Couleur;2340;GAUCHY;GAUCHY;Intermarché;E-1 S / H-1 S;P>25773;3;0,897;;;14/11/2012;06:49
ST QUENTIN;;Verre Couleur;2340;GAUCHY;GAUCHY;Intermarché;E-1 S / H-1 S;P>25773;3;0,901;;;21/11/2012;07:06
ST QUENTIN;;Verre Couleur;2340;GAUCHY;GAUCHY;Intermarché;E-1 S / H-1 S;P>25773;3;0,768;;;28/11/2012;06:54
ST QUENTIN;;Verre Couleur;2340;GAUCHY;GAUCHY;Place des sports;E-5 S / H-6 S;P>25774;4;0,781;;;15/11/2012;09:58
ST QUENTIN;;Verre Couleur;2340;GAUCHY;GAUCHY;Rue Georges Herbin;E-3 S / H-4 S;P>25775;3;0,513;;;28/11/2012;07:34
ST QUENTIN;;Verre Couleur;2340;GAUCHY;GAUCHY;Place Moulin tous vents;E-2 S / H-3 S;P>25777;4;0,619;;;15/11/2012;10:10
ST QUENTIN;;Verre Couleur;2340;GAUCHY;GAUCHY;Déchetterie route de chauny;E-1 S / H-1 S impératif;P>25779;4;0,565;;;05/11/2012;09:45
ST QUENTIN;;Verre Couleur;2340;GAUCHY;GAUCHY;Déchetterie route de chauny;E-1 S / H-1 S impératif;P>25779;4;0,314;;;12/11/2012;08:01
ST QUENTIN;;Verre Couleur;2340;GAUCHY;GAUCHY;Déchetterie route de chauny;E-1 S / H-1 S impératif;P>25779;4;0,323;;;19/11/2012;09:56
ST QUENTIN;;Verre Couleur;2340;GAUCHY;GAUCHY;Déchetterie route de chauny;E-1 S / H-1 S impératif;P>25779;4;0,24;;;26/11/2012;10:04
ST QUENTIN;;Verre Couleur;2340;GAUCHY;GAUCHY;Rue Paul Langevin / Place 8 mai 1945;E-1 S / H-2 S;P>25781;3;0,797;;;14/11/2012;07:07
ST QUENTIN;;Verre Couleur;2340;GAUCHY;GAUCHY;Rue Paul Langevin / Place 8 mai 1945;E-1 S / H-2 S;P>25781;3;0,63;;;28/11/2012;08:02
ST QUENTIN;;Verre Couleur;2340;GAUCHY;GAUCHY;Pk Brico Cash Rue Auguste;E-1 S / H-2 S;P>25782;4;0,862;;;14/11/2012;06:57
ST QUENTIN;;Verre Couleur;2340;GAUCHY;GAUCHY;Pk Brico Cash Rue Auguste;E-1 S / H-2 S;P>25782;4;1,124;;;28/11/2012;07:42
ST QUENTIN;;Verre Couleur;2340;GAUCHY;GAUCHY;Square de l'amitié;E-4 S / H-6 S;P>25783;4;0,813;;;06/11/2012;14:37
ST QUENTIN;;Verre Couleur;2340;GAUCHY;GAUCHY;Déchetterie route de chauny;1 sem;P>31031;3;0,626;;;05/11/2012;09:46
ST QUENTIN;;Verre Couleur;2340;GAUCHY;GAUCHY;Déchetterie route de chauny;1 sem;P>31031;3;0,604;;;12/11/2012;08:00
ST QUENTIN;;Verre Couleur;2340;GAUCHY;GAUCHY;Déchetterie route de chauny;1 sem;P>31031;3;0,754;;;19/11/2012;09:55
ST QUENTIN;;Verre Couleur;2340;GAUCHY;GAUCHY;Déchetterie route de chauny;1 sem;P>31031;3;0,677;;;26/11/2012;10:03
ST QUENTIN;;Verre Couleur;2359;GRUGIES;GRUGIES;Rue d'Ile de France dérrière Eglise;E-3 S / H-4 S;P>25784;3;0,702;;;28/11/2012;07:52
ST QUENTIN;;Verre Couleur;2359;GRUGIES;GRUGIES;Route du pont;E-2 S / H-3 S;P>25785;4;0,956;;;28/11/2012;07:04
ST QUENTIN;;Verre Couleur;2359;GRUGIES;GRUGIES;Route du pont;E-2 / H-3;P>29784;3;0,58;;;28/11/2012;07:05
ST QUENTIN;;Verre Couleur;2371;HARLY;HARLY;Rue de Picardie;E-3 S / H-4 S;P>25754;3;0,619;;;31/10/2012;16:54
ST QUENTIN;;Verre Couleur;2371;HARLY;HARLY;Leclerc;E-1 S / H-1 S;P>25757;4;1,074;;;06/11/2012;17:23
ST QUENTIN;;Verre Couleur;2371;HARLY;HARLY;Leclerc;E-1 S / H-1 S;P>25757;4;0,727;;;12/11/2012;11:30
ST QUENTIN;;Verre Couleur;2371;HARLY;HARLY;Leclerc;E-1 S / H-1 S;P>25757;4;1,224;;;22/11/2012;07:12
ST QUENTIN;;Verre Couleur;2371;HARLY;HARLY;Leclerc;E-1 S / H-1 S;P>25757;4;0,434;;;26/11/2012;11:33
ST QUENTIN;;Verre Couleur;2371;HARLY;HARLY;Leclerc;E-1 S / H-1 S;P>25758;4;1,089;;;06/11/2012;17:24
ST QUENTIN;;Verre Couleur;2371;HARLY;HARLY;Leclerc;E-1 S / H-1 S;P>25758;4;0,738;;;12/11/2012;11:31
ST QUENTIN;;Verre Couleur;2371;HARLY;HARLY;Leclerc;E-1 S / H-1 S;P>25758;4;0,992;;;22/11/2012;07:13
ST QUENTIN;;Verre Couleur;2371;HARLY;HARLY;Leclerc;E-1 S / H-1 S;P>25758;4;0,301;;;26/11/2012;11:35
ST QUENTIN;;Verre Couleur;2371;HARLY;HARLY;Leclerc;E-1 S / H-1 S;P>25759;4;1,042;;;06/11/2012;17:26
ST QUENTIN;;Verre Couleur;2371;HARLY;HARLY;Leclerc;E-1 S / H-1 S;P>25759;4;0,959;;;19/11/2012;11:56
ST QUENTIN;;Verre Couleur;2371;HARLY;HARLY;Leclerc;E-1 S / H-1 S;P>25759;4;0,587;;;22/11/2012;07:18
ST QUENTIN;;Verre Couleur;2371;HARLY;HARLY;Leclerc;E-1 S / H-1 S;P>25759;4;0,354;;;26/11/2012;11:36
ST QUENTIN;;Verre Couleur;2371;HARLY;HARLY;Leclerc;E-1 S / H-1 S;P>26751;3;0,366;;;19/11/2012;12:05
ST QUENTIN;;Verre Couleur;2383;HOMBLIERES;HOMBLIERES;Rue Aimé Gosset;E-2 S / H-3 S;P>25761;4;0,906;;;15/11/2012;08:21
ST QUENTIN;;Verre Couleur;2383;HOMBLIERES;HOMBLIERES;Rue Sainte Huneguonde;E-2 S / H-3 S;P>25762;4;0,736;;;15/11/2012;08:31
ST QUENTIN;;Verre Couleur;2420;LESDINS;LESDINS;Rue de Picardie;E-2 S / H-3 S;P>25744;4;1,168;;;14/11/2012;08:33
ST QUENTIN;;Verre Couleur;2420;LESDINS;LESDINS;Rue de touraine (le long du canal);E-2 S / H-3 S;P>25745;3;0,697;;;14/11/2012;08:27
ST QUENTIN;;Verre Couleur;2459;MARCY;MARCY;Rue Florent Montigny Mairie;E-3 S / H-3 S;P>25764;3;0,493;;;31/10/2012;15:12
ST QUENTIN;;Verre Couleur;2481;MESNIL ST LAURENT;MESNIL ST LAURENT;Rue Sainte Camione;E-2 S / H-3 S;P>25767;3;0,762;;;31/10/2012;14:56
ST QUENTIN;;Verre Couleur;2525;MORCOURT;MORCOURT;Rue du Commandant Guy (terrain de foot);E-2 S / H-3 S;P>25746;3;0,848;;;31/10/2012;16:07
ST QUENTIN;;Verre Couleur;2549;NEUVILLE ST AMAND;NEUVILLE ST AMAND;Rue de la Fere;E-4 S / H-6 S;P>25786;4;0,864;;;28/11/2012;10:49
ST QUENTIN;;Verre Couleur;2549;NEUVILLE ST AMAND;NEUVILLE ST AMAND;Place de la Mairie;E-2 S / H-2 S;P>25788;3;0,857;;;08/11/2012;07:02
ST QUENTIN;;Verre Couleur;2549;NEUVILLE ST AMAND;NEUVILLE ST AMAND;Place de la Mairie;E-2 S / H-2 S;P>25788;3;0,676;;;28/11/2012;07:18
ST QUENTIN;;Verre Couleur;2549;NEUVILLE ST AMAND;NEUVILLE ST AMAND;Vallée des Bourguignon;E-6 S / H-8 S;P>26943;3;0,642;;;21/11/2012;06:56
ST QUENTIN;;Verre Couleur;2571;OMISSY;OMISSY;Rue du Fossé;E-3 S / H-5 S;P>25748;3;0,802;;;31/10/2012;16:25
ST QUENTIN;;Verre Couleur;2571;OMISSY;OMISSY;Déchetterie;E-1 S / H-1 S impératif;P>25750;4;0,772;;;14/11/2012;10:13
ST QUENTIN;;Verre Couleur;2571;OMISSY;OMISSY;Déchetterie;E-1 S / H-1 S impératif;P>25750;4;0,491;;;22/11/2012;10:04
ST QUENTIN;;Verre Couleur;2571;OMISSY;OMISSY;Déchetterie;E-1 S / H-1 S impératif;P>25750;4;0,639;;;28/11/2012;10:24
ST QUENTIN;;Verre Couleur;2571;OMISSY;OMISSY;Déchetterie;;P>31032;3;0,788;;;14/11/2012;10:12
ST QUENTIN;;Verre Couleur;2571;OMISSY;OMISSY;Déchetterie;;P>31032;3;0,3;;;28/11/2012;10:25
ST QUENTIN;;Verre Couleur;2637;REMAUCOURT;REMAUCOURT;Rue de l'église;E-2 S / H-3 S;P>25753;3;0,665;;;31/10/2012;16:16
ST QUENTIN;;Verre Couleur;2659;ROUVROY;ROUVROY;Route de ST Quentin;E-2 S / H-2 S;P>25769;3;0,596;;;15/11/2012;08:54
ST QUENTIN;;Verre Couleur;2691;ST QUENTIN;ST QUENTIN SUD EST;Av Léo Lagrange;2 sem;P>25634;3;0,342;;;12/11/2012;11:00
ST QUENTIN;;Verre Couleur;2691;ST QUENTIN;ST QUENTIN SUD EST;Av Léo Lagrange;2 sem;P>25634;3;0,427;;;26/11/2012;09:48
ST QUENTIN;;Verre Couleur;2691;ST QUENTIN;ST QUENTIN SUD EST;Place Carnot;4 sem;P>25635;3;0,353;;;12/11/2012;11:09
ST QUENTIN;;Verre Couleur;2691;ST QUENTIN;ST QUENTIIN SUD EST;Rue Charles Foucault;3 sem;P>25636;3;0,328;;;05/11/2012;09:58
ST QUENTIN;;Verre Couleur;2691;ST QUENTIN;ST QUENTIIN SUD EST;Rue Charles Foucault;3 sem;P>25636;3;0,433;;;26/11/2012;09:51
ST QUENTIN;;Verre Couleur;2691;ST QUENTIN;ST QUENTIN SUD EST;Rue de la Fère (face n°22);E-4 S / H-5 S;P>25637;4;0,846;;;15/11/2012;09:26
ST QUENTIN;;Verre Couleur;2691;ST QUENTIN;ST QUENTIN SUD EST;Rue d'Ostende;E-2 S / H-2 S;P>25638;3;0,584;;;31/10/2012;17:24
ST QUENTIN;;Verre Couleur;2691;ST QUENTIN;ST QUENTIN SUD EST;Rue d'Ostende;E-2 S / H-2 S;P>25638;3;0,81;;;22/11/2012;08:31
ST QUENTIN;;Verre Couleur;2691;ST QUENTIN;ST QUENTIN SUD EST;Bd du Maréchal Juin (bas);E-3 S / H-4 S;P>25639;4;0,901;;;15/11/2012;09:32
ST QUENTIN;;Verre Couleur;2691;ST QUENTIN;ST QUENTIN SUD EST;Bd du Maréchal Juin (haut);E-2 S / H-2 S;P>25640;3;0,823;;;31/10/2012;17:19
ST QUENTIN;;Verre Couleur;2691;ST QUENTIN;ST QUENTIN SUD EST;Bd du Maréchal Juin (haut);E-2 S / H-2 S;P>25640;3;0,876;;;21/11/2012;10:09
ST QUENTIN;;Verre Couleur;2691;ST QUENTIN;ST QUENTIN SUD EST;Rue de la Fère (friterie);E-6 S / H-6 S;P>25641;3;0,651;;;28/11/2012;10:57
ST QUENTIN;;Verre Couleur;2691;ST QUENTIN;ST QUENTIN SUD EST;Rue de Guise;E-3 S / H-4 S;P>25642;3;0,747;;;08/11/2012;08:55
ST QUENTIN;;Verre Couleur;2691;ST QUENTIN;ST QUENTIN SUD EST;Angle rue collette (LIDL) Richepin FND;E-2 S / H-2 S;P>25643;3;0,157;;;05/11/2012;09:35
ST QUENTIN;;Verre Couleur;2691;ST QUENTIN;ST QUENTIN SUD EST;Angle rue collette (LIDL) Richepin FND;E-2 S / H-2 S;P>25643;3;0,335;;;12/11/2012;10:50
ST QUENTIN;;Verre Couleur;2691;ST QUENTIN;ST QUENTIN SUD EST;Angle rue collette (LIDL) Richepin FND;E-2 S / H-2 S;P>25643;3;0,387;;;19/11/2012;10:12
ST QUENTIN;;Verre Couleur;2691;ST QUENTIN;ST QUENTIN SUD EST;Angle rue collette (LIDL) Richepin FND;E-2 S / H-2 S;P>25643;3;0,22;;;26/11/2012;09:45
ST QUENTIN;;Verre Couleur;2691;ST QUENTIN;ST QUENTIN SUD EST;Rue Raoul Huguet;E-4 S / H-6 S;P>25645;3;0,638;;;22/11/2012;08:45
ST QUENTIN;;Verre Couleur;2691;ST QUENTIN;ST QUENTIN SUD EST;Rue J Blanchot;E-3 S / H-4 S;P>25646;4;0,751;;;31/10/2012;17:05
ST QUENTIN;;Verre Couleur;2691;ST QUENTIN;ST QUENTIN SUD EST;Rue J Blanchot;E-3 S / H-4 S;P>25646;4;0,87;;;22/11/2012;08:39
ST QUENTIN;;Verre Couleur;2691;ST QUENTIN;ST QUENTIN SUD EST;Rue de la Fère (NETTO);E-2 S / H-3 S;P>25648;4;0,831;;;08/11/2012;07:13
ST QUENTIN;;Verre Couleur;2691;ST QUENTIN;ST QUENTIN SUD EST;Rue de la Fère (NETTO);E-2 S / H-3 S;P>25648;4;0,498;;;21/11/2012;10:00
ST QUENTIN;;Verre Couleur;2691;ST QUENTIN;ST QUENTIN SUD EST;Rue de la Fère (parking);E-3 S / H-5 S;P>25649;4;0,792;;;31/10/2012;17:31
ST QUENTIN;;Verre Couleur;2691;ST QUENTIN;ST QUENTIN SUD EST;Rue de la Fère (parking);E-3 S / H-5 S;P>25649;4;0,666;;;28/11/2012;10:45
ST QUENTIN;;Verre Couleur;2691;ST QUENTIN;ST QUENTIN SUD EST;Bd Cordier;E-2 S / H-2 S;P>25650;3;0,751;;;15/11/2012;09:44
ST QUENTIN;;Verre Couleur;2691;ST QUENTIN;ST QUENTIN SUD EST;Bd Cordier;E-2 S / H-2 S;P>25650;3;0,615;;;28/11/2012;11:09
ST QUENTIN;;Verre Couleur;2691;ST QUENTIN;ST QUENTIN SUD EST;Bd du Dr Camille Guérin;E-2 S / H-3 S;P>25651;3;0,671;;;15/11/2012;09:37
ST QUENTIN;;Verre Couleur;2691;ST QUENTIN;ST QUENTIN SUD EST;Chemin d'Itancourt;E-4 S / H-8 S;P>25652;3;0,934;;;31/10/2012;17:13
ST QUENTIN;;Verre Couleur;2691;ST QUENTIN;ST QUENTIN SUD OUEST;Bd de Verdun;E-2 S / H-2 S;P>25654;4;0,573;;;06/11/2012;15:16
ST QUENTIN;;Verre Couleur;2691;ST QUENTIN;ST QUENTIN SUD OUEST;Bd de Verdun;E-2 S / H-2 S;P>25654;4;0,981;;;21/11/2012;07:37
ST QUENTIN;;Verre Couleur;2691;ST QUENTIN;ST QUENTIN SUD OUEST;Rue de Paris (face au 105) Rue de Ham;4 sem;P>25656;3;0,701;;;05/11/2012;11:14
ST QUENTIN;;Verre Couleur;2691;ST QUENTIN;ST QUENTIN SUD OUEST;Rue de Paris (face au 105) Rue de Ham;4 sem;P>25656;3;0,407;;;26/11/2012;11:20
ST QUENTIN;;Verre Couleur;2691;ST QUENTIN;ST QUENTIN SUD OUEST;Rue de Peronne mairie PORTEUR;2 sem;P>25657;3;0,568;;;05/11/2012;11:23
ST QUENTIN;;Verre Couleur;2691;ST QUENTIN;ST QUENTIN SUD OUEST;Rue de Peronne mairie PORTEUR;2 sem;P>25657;3;0,529;;;19/11/2012;11:10
ST QUENTIN;;Verre Couleur;2691;ST QUENTIN;ST QUENTIN SUD OUEST;Déchetterie (Rue A Parmentier) Vidam;E-2 S / H-3 S;P>25661;3;0,471;;;06/11/2012;15:48
ST QUENTIN;;Verre Couleur;2691;ST QUENTIN;ST QUENTIN SUD OUEST;Déchetterie (Rue A Parmentier) Vidam;E-2 S / H-3 S;P>25661;3;0,483;;;21/11/2012;08:11
ST QUENTIN;;Verre Couleur;2691;ST QUENTIN;ST QUENTIN SUD OUEST;Déchetterie (Rue A Parmentier) Vidam;E-2 S / H-3 S;P>25662;3;0,532;;;06/11/2012;15:43
ST QUENTIN;;Verre Couleur;2691;ST QUENTIN;ST QUENTIN SUD OUEST;Déchetterie (Rue A Parmentier) Vidam;E-2 S / H-3 S;P>25662;3;0,617;;;21/11/2012;08:06
ST QUENTIN;;Verre Couleur;2691;ST QUENTIN;ST QUENTIN SUD OUEST;Déchetterie (Rue A Parmentier) Vidam;E-2 S / H-3 S;P>25663;3;0,701;;;06/11/2012;15:45
ST QUENTIN;;Verre Couleur;2691;ST QUENTIN;ST QUENTIN SUD OUEST;Déchetterie (Rue A Parmentier) Vidam;E-2 S / H-3 S;P>25663;3;1,055;;;21/11/2012;08:08
ST QUENTIN;;Verre Couleur;2691;ST QUENTIN;ST QUENTIN SUD OUEST;Rue de la Chaussée romaine (école);E-3 S / H-3 S;P>25664;4;0,796;;;21/11/2012;07:55
ST QUENTIN;;Verre Couleur;2691;ST QUENTIN;ST QUENTIN SUD OUEST;Angle Av Me François Hugues/Accacias;E-2 S / H-2 S;P>25665;3;0,577;;;14/11/2012;07:28
ST QUENTIN;;Verre Couleur;2691;ST QUENTIN;ST QUENTIN SUD OUEST;Rue du Dr Cordier/Allée des Tilleuls;E-3 S / H-4 S;P>25666;4;0,826;;;21/11/2012;07:45
ST QUENTIN;;Verre Couleur;2691;ST QUENTIN;ST QUENTIN SUD OUEST;Rue de Paris (ALDI);E-2 S / H-2 S;P>25668;3;0,665;;;06/11/2012;15:04
ST QUENTIN;;Verre Couleur;2691;ST QUENTIN;ST QUENTIN SUD OUEST;Rue de Paris (ALDI);E-2 S / H-2 S;P>25668;3;0,493;;;21/11/2012;07:24
ST QUENTIN;;Verre Couleur;2691;ST QUENTIN;ST QUENTIN SUD OUEST;Rue de Paris / Face au stade de foot;E-3 S / H-4 S;P>25669;3;0,567;;;21/11/2012;07:20
ST QUENTIN;;Verre Couleur;2691;ST QUENTIN;ST QUENTIN SUD OUEST;Rue de Paris / Rue du Gle Debeney;E-3 S / H-4 S;P>25670;4;0,842;;;14/11/2012;07:16
ST QUENTIN;;Verre Couleur;2691;ST QUENTIN;ST QUENTIN SUD OUEST;Rue Alexandre Dumas (park face ED);E-1 S / H-1 S;P>25671;3;0,692;;;14/11/2012;07:38
ST QUENTIN;;Verre Couleur;2691;ST QUENTIN;ST QUENTIN SUD OUEST;Rue Alexandre Dumas (park face ED);E-1 S / H-1 S;P>25671;3;0,727;;;28/11/2012;08:34
ST QUENTIN;;Verre Couleur;2691;ST QUENTIN;ST QUENTIN SUD OUEST;Rue J Falloux (salle des aviateurs);E-3 S / H-4 S;P>25673;3;0,558;;;06/11/2012;14:58
ST QUENTIN;;Verre Couleur;2691;ST QUENTIN;ST QUENTIN SUD OUEST;Rue J Falloux (salle des aviateurs);E-3 S / H-4 S;P>25673;3;0,564;;;28/11/2012;08:16
ST QUENTIN;;Verre Couleur;2691;ST QUENTIN;ST QUENTIN SUD OUEST;Rue Georges Sand;E-5 S / H-8 S;P>25674;3;0,602;;;21/11/2012;07:31
ST QUENTIN;;Verre Couleur;2691;ST QUENTIN;ST QUENTIN SUD OUEST;Grande Rue;E-3 S / H-4 S;P>25675;3;0,783;;;28/11/2012;08:07
ST QUENTIN;;Verre Couleur;2691;ST QUENTIN;ST QUENTIN SUD OUEST;Av du Cimetière de la Tombelle;E-2 S / H-4 S;P>25676;4;0,634;;;06/11/2012;15:23
ST QUENTIN;;Verre Couleur;2691;ST QUENTIN;ST QUENTIN NORD;Place du 87 RI Rue Thiers;E-2 S / H-2 S;P>25677;3;0,517;;;06/11/2012;16:25
ST QUENTIN;;Verre Couleur;2691;ST QUENTIN;ST QUENTIN NORD;Place du 87 RI Rue Thiers;E-2 S / H-2 S;P>25677;3;0,708;;;22/11/2012;08:08
ST QUENTIN;;Verre Couleur;2691;ST QUENTIN;ST QUENTIN NORD;Rue Théophile Gautier PORTEUR;3 sem;P>25678;4;0,68;;;19/11/2012;10:56
ST QUENTIN;;Verre Couleur;2691;ST QUENTIN;ST QUENTIN NORD;Av des anciens Combattants d'AFN;E-3 S / H-4 S;P>25679;4;0,789;;;22/11/2012;07:48
ST QUENTIN;;Verre Couleur;2691;ST QUENTIN;ST QUENTIN NORD;Rue Henriette Cabot;E-3 S / H-4 S;P>25681;3;0,607;;;22/11/2012;07:59
ST QUENTIN;;Verre Couleur;2691;ST QUENTIN;ST QUENTIN NORD;Rue Alfred Clin (hors Heures scolaires);2 sem;P>25682;3;0,646;;;05/11/2012;10:12
ST QUENTIN;;Verre Couleur;2691;ST QUENTIN;ST QUENTIN NORD;Rue Alfred Clin (hors Heures scolaires);2 sem;P>25682;3;0,631;;;19/11/2012;10:46
ST QUENTIN;;Verre Couleur;2691;ST QUENTIN;ST QUENTIN NORD;CORA (parking);E-1 S / H-1 S;P>25683;4;0,634;;;06/11/2012;16:40
ST QUENTIN;;Verre Couleur;2691;ST QUENTIN;ST QUENTIN NORD;CORA (parking);E-1 S / H-1 S;P>25683;4;0,762;;;14/11/2012;08:15
ST QUENTIN;;Verre Couleur;2691;ST QUENTIN;ST QUENTIN NORD;CORA (parking);E-1 S / H-1 S;P>25683;4;0,784;;;22/11/2012;07:39
ST QUENTIN;;Verre Couleur;2691;ST QUENTIN;ST QUENTIN NORD;CORA (parking);E-1 S / H-1 S;P>25684;3;0,716;;;06/11/2012;16:42
ST QUENTIN;;Verre Couleur;2691;ST QUENTIN;ST QUENTIN NORD;CORA (parking);E-1 S / H-1 S;P>25684;3;0,792;;;14/11/2012;08:16
ST QUENTIN;;Verre Couleur;2691;ST QUENTIN;ST QUENTIN NORD;CORA (parking);E-1 S / H-1 S;P>25684;3;0,784;;;22/11/2012;07:40
ST QUENTIN;;Verre Couleur;2691;ST QUENTIN;ST QUENTIN NORD;CORA (parking);E-1 S / H-1 S;P>25684;3;0,752;;;28/11/2012;09:17
ST QUENTIN;;Verre Couleur;2691;ST QUENTIN;ST QUENTIN NORD;Rue Fayet (angle R. JY Cousteau);E-3 S / H-3 S;P>25685;3;0,681;;;08/11/2012;07:47
ST QUENTIN;;Verre Couleur;2691;ST QUENTIN;ST QUENTIN NORD;Rue Fayet (angle R. JY Cousteau);E-3 S / H-3 S;P>25685;3;0,398;;;21/11/2012;09:11
ST QUENTIN;;Verre Couleur;2691;ST QUENTIN;ST QUENTIN NORD;Rue de Champagne;E-4 S / H-6 S;P>25686;3;0,666;;;28/11/2012;09:04
ST QUENTIN;;Verre Couleur;2691;ST QUENTIN;ST QUENTIN NORD;Rue des Valenciennes;E-2 S / H-2 S;P>25687;4;0,864;;;06/11/2012;16:12
ST QUENTIN;;Verre Couleur;2691;ST QUENTIN;ST QUENTIN NORD;Rue des Valenciennes;E-2 S / H-2 S;P>25687;4;1;;;21/11/2012;08:44
ST QUENTIN;;Verre Couleur;2691;ST QUENTIN;ST QUENTIN EST;Bvd Roosevelt PORTEUR;1 sem;P>25688;3;0,703;;;05/11/2012;10:05
ST QUENTIN;;Verre Couleur;2691;ST QUENTIN;ST QUENTIN EST;Bvd Roosevelt PORTEUR;1 sem;P>25688;3;0,407;;;12/11/2012;10:41
ST QUENTIN;;Verre Couleur;2691;ST QUENTIN;ST QUENTIN EST;Bvd Roosevelt PORTEUR;1 sem;P>25688;3;0,421;;;19/11/2012;10:22
ST QUENTIN;;Verre Couleur;2691;ST QUENTIN;ST QUENTIN EST;Bvd Roosevelt PORTEUR;1 sem;P>25688;3;0,326;;;26/11/2012;10:22
ST QUENTIN;;Verre Couleur;2691;ST QUENTIN;ST QUENTIN EST;Av R Schuman/Rue G Pompidou;E-3 S / H-6 S;P>25689;3;0,465;;;06/11/2012;16:51
ST QUENTIN;;Verre Couleur;2691;ST QUENTIN;ST QUENTIN EST;Bd J Bouin (Pompier);E-3 S / H-5 S;P>25690;3;0,752;;;14/11/2012;10:04
ST QUENTIN;;Verre Couleur;2691;ST QUENTIN;ST QUENTIN EST;Av A Briand/Rue Q Barre;E-6 S / H-10 S;P>25691;3;0,773;;;28/11/2012;10:09
ST QUENTIN;;Verre Couleur;2691;ST QUENTIN;ST QUENTIN EST;Rue du Cdt G Bieler;E-1 S / H-1 S;P>25693;3;0,82;;;08/11/2012;08:22
ST QUENTIN;;Verre Couleur;2691;ST QUENTIN;ST QUENTIN EST;Rue du Cdt G Bieler;E-1 S / H-1 S;P>25693;3;0,607;;;22/11/2012;09:07
ST QUENTIN;;Verre Couleur;2691;ST QUENTIN;ST QUENTIN EST;Av du Gle de Gaulle;E-1 S / H-1 S;P>25694;4;0,772;;;31/10/2012;16:41
ST QUENTIN;;Verre Couleur;2691;ST QUENTIN;ST QUENTIN EST;Av du Gle de Gaulle;E-1 S / H-1 S;P>25694;4;0,852;;;08/11/2012;08:31
ST QUENTIN;;Verre Couleur;2691;ST QUENTIN;ST QUENTIN EST;Av du Gle de Gaulle;E-1 S / H-1 S;P>25694;4;0,717;;;14/11/2012;10:00
ST QUENTIN;;Verre Couleur;2691;ST QUENTIN;ST QUENTIN EST;Av du Gle de Gaulle;E-1 S / H-1 S;P>25694;4;0,88;;;22/11/2012;09:15
ST QUENTIN;;Verre Couleur;2691;ST QUENTIN;ST QUENTIN EST;Av du Gle de Gaulle;E-1 S / H-1 S;P>25694;4;0,59;;;28/11/2012;10:15
ST QUENTIN;;Verre Couleur;2691;ST QUENTIN;ST QUENTIN EST;Rue Ampère;E-4 S / H-6 S;P>25695;3;0,627;;;14/11/2012;09:34
ST QUENTIN;;Verre Couleur;2691;ST QUENTIN;ST QUENTIN EST;Bd J Bouin (camping);E-2 S / H-3 S;P>25696;3;0,736;;;15/11/2012;08:46
ST QUENTIN;;Verre Couleur;2691;ST QUENTIN;ST QUENTIN EST;Bd J Bouin (camping);E-2 S / H-3 S;P>25697;3;0,466;;;15/11/2012;08:45
ST QUENTIN;;Verre Couleur;2691;ST QUENTIN;ST QUENTIN EST;Rue H Dunant;E-2 S / H-4 S;P>25698;3;0,527;;;08/11/2012;08:13
ST QUENTIN;;Verre Couleur;2691;ST QUENTIN;ST QUENTIN EST;Rue G Brassens;E-2 S / H-3 S;P>25699;3;0,63;;;28/11/2012;09:37
ST QUENTIN;;Verre Couleur;2691;ST QUENTIN;ST QUENTIN  EST;RD 675 vers Omissy vers déchetterie;E-3 S / H-4 S;P>25702;4;0,688;;;22/11/2012;10:09
ST QUENTIN;;Verre Couleur;2691;ST QUENTIN;ST QUENTIN EST;Rue Boileau/Rue H Barbusse;E-3 S / H-4 S;P>25703;3;0,592;;;14/11/2012;09:10
ST QUENTIN;;Verre Couleur;2691;ST QUENTIN;ST QUENTIN EST;Rue Boileau/Rue G St Hilaire;E-3 S / H-4 S;P>25704;3;0,567;;;14/11/2012;08:47
ST QUENTIN;;Verre Couleur;2691;ST QUENTIN;ST QUENTIN EST;Av R Schuman (centre social Europe);E-3 S / H-4 S;P>25705;3;0,692;;;14/11/2012;09:25
ST QUENTIN;;Verre Couleur;2691;ST QUENTIN;ST QUENTIN EST;Av R Schuman (SIMPLY MARKET);E-1 S / H-2 S;P>25706;3;0,343;;;06/11/2012;16:59
ST QUENTIN;;Verre Couleur;2691;ST QUENTIN;ST QUENTIN EST;Av R Schuman (SIMPLY MARKET);E-1 S / H-2 S;P>25706;3;0,391;;;14/11/2012;08:58
ST QUENTIN;;Verre Couleur;2691;ST QUENTIN;ST QUENTIN EST;Av R Schuman (SIMPLY MARKET);E-1 S / H-2 S;P>25706;3;0,329;;;22/11/2012;09:29
ST QUENTIN;;Verre Couleur;2691;ST QUENTIN;ST QUENTIN EST;Av R Schuman (SIMPLY MARKET);E-1 S / H-2 S;P>25706;3;0,361;;;28/11/2012;09:28
ST QUENTIN;;Verre Couleur;2691;ST QUENTIN;ST QUENTIN EST;Rue Poete;E-2 S / H-3 S;P>25707;3;0,516;;;14/11/2012;09:39
ST QUENTIN;;Verre Couleur;2691;ST QUENTIN;ST QUENTIN EST;Rue Poete;E-2 S / H-3 S;P>25707;3;0,559;;;28/11/2012;09:55
ST QUENTIN;;Verre Couleur;2691;ST QUENTIN;ST QUENTIN EST;Rue d'Alembert;E-10 S / H-10 S;P>25708;3;0,501;;;14/11/2012;08:52
ST QUENTIN;;Verre Couleur;2691;ST QUENTIN;ST QUENTIN EST;Rue Boileau;E-4 S / H-6 S;P>25709;3;0,604;;;14/11/2012;09:00
ST QUENTIN;;Verre Couleur;2691;ST QUENTIN;ST QUENTIN EST;Av de la République (face au n° 29);E-2 S / H-2 S;P>25710;3;0,793;;;08/11/2012;08:02
ST QUENTIN;;Verre Couleur;2691;ST QUENTIN;ST QUENTIN EST;Av de la République (face au n° 29);E-2 S / H-2 S;P>25710;3;0,326;;;14/11/2012;09:46
ST QUENTIN;;Verre Couleur;2691;ST QUENTIN;ST QUENTIN EST;Av de la République (face au n° 29);E-2 S / H-2 S;P>25710;3;0,567;;;22/11/2012;09:01
ST QUENTIN;;Verre Couleur;2691;ST QUENTIN;ST QUENTIN EST;Av de la République (face au n° 29);E-2 S / H-2 S;P>25710;3;0,585;;;28/11/2012;09:44
ST QUENTIN;;Verre Couleur;2691;ST QUENTIN;ST QUENTIN CENTRE;Place du GI Floy;2 sem;P>25711;4;0,475;;;05/11/2012;11:06
ST QUENTIN;;Verre Couleur;2691;ST QUENTIN;ST QUENTIN CENTRE;Place du GI Floy;2 sem;P>25711;4;0,48;;;19/11/2012;11:28
ST QUENTIN;;Verre Couleur;2691;ST QUENTIN;ST QUENTIN CENTRE;Rue des Etats Généraux;3 sem;P>25712;4;0,321;;;12/11/2012;10:01
ST QUENTIN;;Verre Couleur;2691;ST QUENTIN;ST QUENTIN CENTRE;Rue des Etats Généraux;3 sem;P>25712;4;0,267;;;26/11/2012;10:39
ST QUENTIN;;Verre Couleur;2691;ST QUENTIN;ST QUENTIN CENTRE;Rue Varlet;5 sem;P>25713;4;0,538;;;26/11/2012;10:33
ST QUENTIN;;Verre Couleur;2691;ST QUENTIN;ST QUENTIN CENTRE;Rue du Petit Origny (place du marché);1 sem;P>25714;4;1,126;;;05/11/2012;10:27
ST QUENTIN;;Verre Couleur;2691;ST QUENTIN;ST QUENTIN CENTRE;Rue du Petit Origny (place du marché);1 sem;P>25714;4;0,812;;;12/11/2012;10:24
ST QUENTIN;;Verre Couleur;2691;ST QUENTIN;ST QUENTIN CENTRE;Rue du Petit Origny (place du marché);1 sem;P>25714;4;0,798;;;19/11/2012;10:36
ST QUENTIN;;Verre Couleur;2691;ST QUENTIN;ST QUENTIN CENTRE;Rue du Petit Origny (place du marché);1 sem;P>25714;4;0,826;;;26/11/2012;10:46
ST QUENTIN;;Verre Couleur;2691;ST QUENTIN;ST QUENTIN CENTRE;Rue A Gibert/Rue Renan;3 sem;P>25715;4;0,714;;;12/11/2012;09:23
ST QUENTIN;;Verre Couleur;2691;ST QUENTIN;ST QUENTIN CENTRE;Place de la Liberté;1 sem;P>25716;4;0,632;;;05/11/2012;10:48
ST QUENTIN;;Verre Couleur;2691;ST QUENTIN;ST QUENTIN CENTRE;Place de la Liberté;1 sem;P>25716;4;0,538;;;12/11/2012;09:12
ST QUENTIN;;Verre Couleur;2691;ST QUENTIN;ST QUENTIN CENTRE;Place de la Liberté;1 sem;P>25716;4;0,573;;;19/11/2012;11:34
ST QUENTIN;;Verre Couleur;2691;ST QUENTIN;ST QUENTIN CENTRE;Place de la Liberté;1 sem;P>25716;4;0,632;;;26/11/2012;10:56
ST QUENTIN;;Verre Couleur;2691;ST QUENTIN;ST QUENTIN CENTRE;Bd Gambetta (face au n°1) en haut;2 sem;P>25717;4;0,929;;;05/11/2012;10:44
ST QUENTIN;;Verre Couleur;2691;ST QUENTIN;ST QUENTIN CENTRE;Bd Gambetta (face au n°1) en haut;2 sem;P>25717;4;0,724;;;19/11/2012;11:46
ST QUENTIN;;Verre Couleur;2691;ST QUENTIN;ST QUENTIN CENTRE;Rue Michelet;2 sem;P>25718;4;0,399;;;05/11/2012;10:39
ST QUENTIN;;Verre Couleur;2691;ST QUENTIN;ST QUENTIN CENTRE;Rue Michelet;2 sem;P>25718;4;0,445;;;19/11/2012;11:41
ST QUENTIN;;Verre Couleur;2691;ST QUENTIN;ST QUENTIN CENTRE;Bd Gambetta (face CIO);2 sem;P>25719;4;0,706;;;12/11/2012;09:01
ST QUENTIN;;Verre Couleur;2691;ST QUENTIN;ST QUENTIN CENTRE;Bd Gambetta (face CIO);2 sem;P>25719;4;0,831;;;26/11/2012;10:13
ST QUENTIN;;Verre Couleur;2691;ST QUENTIN;ST QUENTIN CENTRE;Rue des Suzannes;2 sem;P>25720;4;0,557;;;12/11/2012;10:09
ST QUENTIN;;Verre Couleur;2691;ST QUENTIN;ST QUENTIN CENTRE;Rue des Suzannes;2 sem;P>25720;4;0,949;;;26/11/2012;10:42
ST QUENTIN;;Verre Couleur;2691;ST QUENTIN;ST QUENTIN CENTRE;Square Quentin de la Tour (Basilique);2 sem;P>25721;4;0,632;;;05/11/2012;10:33
ST QUENTIN;;Verre Couleur;2691;ST QUENTIN;ST QUENTIN CENTRE;Square Quentin de la Tour (Basilique);2 sem;P>25721;4;0,901;;;19/11/2012;10:32
ST QUENTIN;;Verre Couleur;2691;ST QUENTIN;ST QUENTIN CENTRE;Rue de Baudreuil;2 sem;P>25722;4;0,625;;;12/11/2012;09:45
ST QUENTIN;;Verre Couleur;2691;ST QUENTIN;ST QUENTIN CENTRE;Rue de Baudreuil;2 sem;P>25722;4;0,402;;;26/11/2012;10:30
ST QUENTIN;;Verre Couleur;2691;ST QUENTIN;ST QUENTIN CENTRE;Rue de Baudreuil;2 sem;P>25723;4;0,543;;;12/11/2012;09:46
ST QUENTIN;;Verre Couleur;2691;ST QUENTIN;ST QUENTIN CENTRE;Rue de Baudreuil;2 sem;P>25723;4;0,821;;;26/11/2012;10:29
ST QUENTIN;;Verre Couleur;2691;ST QUENTIN;ST QUENTIN CENTRE;Bvd Henri Martin;3 sem;P>25724;4;0,525;;;12/11/2012;09:06
ST QUENTIN;;Verre Couleur;2691;ST QUENTIN;ST QUENTIN CENTRE;Bvd Henri Martin;3 sem;P>25724;4;0,343;;;26/11/2012;10:52
ST QUENTIN;;Verre Couleur;2691;ST QUENTIN;ST QUENTIN CENTRE;Av Faidherbe;1 sem;P>25725;4;0,47;;;05/11/2012;10:55
ST QUENTIN;;Verre Couleur;2691;ST QUENTIN;ST QUENTIN CENTRE;Av Faidherbe;1 sem;P>25725;4;0,431;;;19/11/2012;11:19
ST QUENTIN;;Verre Couleur;2691;ST QUENTIN;ST QUENTIN CENTRE;Bd de Richelieu (angle rue des Glacis);2 sem;P>25726;4;0,77;;;05/11/2012;10:21
ST QUENTIN;;Verre Couleur;2691;ST QUENTIN;ST QUENTIN CENTRE;Bd de Richelieu (angle rue des Glacis);2 sem;P>25726;4;0,299;;;19/11/2012;11:02
ST QUENTIN;;Verre Couleur;2691;ST QUENTIN;ST QUENTIN CENTRE;Rue des Cannonniers;2 sem;P>25729;4;0,732;;;05/11/2012;11:02
ST QUENTIN;;Verre Couleur;2691;ST QUENTIN;ST QUENTIN CENTRE;Rue des Cannonniers;2 sem;P>25729;4;0,548;;;19/11/2012;11:24
ST QUENTIN;;Verre Couleur;2691;ST QUENTIN;ST QUENTIN SUD OUEST;Déchetterie (Rue A Parmentier) Vidam;E-2 S / H-3 S;P>27069;3;0,792;;;06/11/2012;15:46
ST QUENTIN;;Verre Couleur;2691;ST QUENTIN;ST QUENTIN SUD OUEST;Déchetterie (Rue A Parmentier) Vidam;E-2 S / H-3 S;P>27069;3;0,578;;;21/11/2012;08:09
ST QUENTIN;;Verre Couleur;2691;ST QUENTIN;ST QUENTIN NORD;Place du 87 RI Rue Thiers;E-2 S / H-2 S;P>28483;3;0,394;;;06/11/2012;16:23
ST QUENTIN;;Verre Couleur;2691;ST QUENTIN;ST QUENTIN NORD;Place du 87 RI Rue Thiers;E-2 S / H-2 S;P>28483;3;0,45;;;22/11/2012;08:06
ST QUENTIN;;Verre Couleur;2691;ST QUENTIN;ST QUENTIN SUD EST;Rue de Guise;E-3 S / H-4 S;P>28642;3;0,791;;;15/11/2012;09:17
ST QUENTIN;;Verre Couleur;2691;ST QUENTIN;ST QUENTIN;Rue du Capitaine DUMONT;E-10 S / H-10 S;P>28902;3;0,642;;;14/11/2012;09:04
ST QUENTIN;;Verre Couleur;2691;ST QUENTIN;St Quentin;Rue Francois Miterrand;8 sem;P>29120;3;0,341;;;26/11/2012;11:10
ST QUENTIN;;Verre Couleur;2691;ST QUENTIN;ST QUENTIN;Parking rue Leon Lemaire;1 sem;P>29127;3;0,441;;;05/11/2012;09:30
ST QUENTIN;;Verre Couleur;2691;ST QUENTIN;ST QUENTIN;Parking rue Leon Lemaire;1 sem;P>29127;3;0,614;;;12/11/2012;08:41
ST QUENTIN;;Verre Couleur;2691;ST QUENTIN;ST QUENTIN;Parking rue Leon Lemaire;1 sem;P>29127;3;0,363;;;19/11/2012;10:09
ST QUENTIN;;Verre Couleur;2691;ST QUENTIN;ST QUENTIN;Parking rue Leon Lemaire;1 sem;P>29127;3;0,311;;;26/11/2012;09:40
ST QUENTIN;;Verre Couleur;2691;ST QUENTIN;ST QUENTIN NORD;BD JKF (aldi);E-2 S / H -3S;P>29339;3;0,546;;;14/11/2012;08:03
ST QUENTIN;;Verre Couleur;2691;ST QUENTIN;SAINT QUENTIN;Dans l'Hopital rue Fayet;sur appel;P>29649;3;0,971;;;12/11/2012;08:22
ST QUENTIN;;Verre Couleur;2691;ST QUENTIN;SAINT QUENTIN CENTRE;Avenue Faidherbe (bas);4 sem;P>30778;3;0,514;;;12/11/2012;08:51
ST QUENTIN;;Verre Couleur;2691;ST QUENTIN;ST QUENTIN;Rue Raoul Huguet face au n° 12 (bas);;P>33898;3;0,577;;;21/11/2012;10:19
ST QUENTIN;;Verre Couleur;2691;ST QUENTIN;ST QUENTIN;Angle J Blanchot / L lemaire face crèche;;P>33899;3;0,548;;;19/11/2012;10:07
ST QUENTIN;;Verre Couleur;2691;ST QUENTIN;ST QUENTIN;Vidange conteneurs usagés services techn;;P>34415;12;3,684;;;21/11/2012;09:00
