ST QUENTIN;;Verre Couleur;2142;CASTRES;CASTRES;Rue du Fort;E-3 S / H-6 S;P>25770;3;0,906;;;06/09/2012;07:28
ST QUENTIN;;Verre Couleur;2214;CONTESCOURT;CONTESCOURT;Rue de l'école;E-10 S / H-16 S;P>25771;3;0,415;;;24/09/2012;08:28
ST QUENTIN;;Verre Couleur;2288;ESSIGNY LE PETIT;ESSIGNY LE PETIT;Rue du 8 Mai 1945;E-2 S / H-3 S;P>25733;4;1,45;;;06/09/2012;05:45
ST QUENTIN;;Verre Couleur;2303;FAYET;FAYET;Chemin Vert;E-2 S / H-2 S;P>25734;3;1,055;;;12/09/2012;08:46
ST QUENTIN;;Verre Couleur;2303;FAYET;FAYET;Chemin Vert;E-2 S / H-2 S;P>25734;3;0,518;;;26/09/2012;07:34
ST QUENTIN;;Verre Couleur;2303;FAYET;FAYET;Auchan (accés Fayet);E-1 S / H-1 S;P>25737;3;0,647;;;05/09/2012;09:24
ST QUENTIN;;Verre Couleur;2303;FAYET;FAYET;Auchan (accés Fayet);E-1 S / H-1 S;P>25737;3;0,527;;;12/09/2012;08:36
ST QUENTIN;;Verre Couleur;2303;FAYET;FAYET;Auchan (accés Fayet);E-1 S / H-1 S;P>25737;3;0,687;;;19/09/2012;07:19
ST QUENTIN;;Verre Couleur;2303;FAYET;FAYET;Auchan (accés Fayet);E-1 S / H-1 S;P>25737;3;0,519;;;24/09/2012;12:12
ST QUENTIN;;Verre Couleur;2303;FAYET;FAYET;AUCHAN;E-1 S / H-1 S;P>29297;4;0,868;;;12/09/2012;08:38
ST QUENTIN;;Verre Couleur;2303;FAYET;FAYET;AUCHAN;E-1 S / H-1 S;P>29297;4;0,42;;;24/09/2012;12:14
ST QUENTIN;;Verre Couleur;2310;FIEULAINE;FIEULAINE;Rue Carlier;E-2 S / H-3 S;P>25739;3;0,656;;;06/09/2012;06:08
ST QUENTIN;;Verre Couleur;2319;FONSOMMES;FONSOMMES;Grand Place (transformateur);E-2 S / H-3 S;P>25740;3;0,752;;;06/09/2012;05:59
ST QUENTIN;;Verre Couleur;2319;FONSOMMES;FONSOMMES;Rue du Commandant Guy (salle de sport);E-3 S / H-5 S;P>25741;4;0,885;;;06/09/2012;05:54
ST QUENTIN;;Verre Couleur;2322;FONTAINE NOTRE DAME;FONTAINE NOTRE DAME;Grande Rue;E-2 S / H-3 S;P>25742;3;0,674;;;06/09/2012;06:21
ST QUENTIN;;Verre Couleur;2322;FONTAINE NOTRE DAME;FONTAINE NOTRE DAME;Rue du Château (devant Mairie);E-3 S / H-4 S;P>25743;3;0,558;;;06/09/2012;06:15
ST QUENTIN;;Verre Couleur;2340;GAUCHY;GAUCHY;Intermarché;E-1 S / H-1 S;P>25772;3;1,111;;;05/09/2012;08:40
ST QUENTIN;;Verre Couleur;2340;GAUCHY;GAUCHY;Intermarché;E-1 S / H-1 S;P>25772;3;0,987;;;12/09/2012;07:47
ST QUENTIN;;Verre Couleur;2340;GAUCHY;GAUCHY;Intermarché;E-1 S / H-1 S;P>25772;3;0,646;;;19/09/2012;06:09
ST QUENTIN;;Verre Couleur;2340;GAUCHY;GAUCHY;Intermarché;E-1 S / H-1 S;P>25772;3;0,557;;;26/09/2012;06:10
ST QUENTIN;;Verre Couleur;2340;GAUCHY;GAUCHY;Intermarché;E-1 S / H-1 S;P>25773;3;1,136;;;05/09/2012;08:39
ST QUENTIN;;Verre Couleur;2340;GAUCHY;GAUCHY;Intermarché;E-1 S / H-1 S;P>25773;3;0,805;;;12/09/2012;07:43
ST QUENTIN;;Verre Couleur;2340;GAUCHY;GAUCHY;Intermarché;E-1 S / H-1 S;P>25773;3;0,882;;;19/09/2012;06:07
ST QUENTIN;;Verre Couleur;2340;GAUCHY;GAUCHY;Intermarché;E-1 S / H-1 S;P>25773;3;0,755;;;26/09/2012;06:08
ST QUENTIN;;Verre Couleur;2340;GAUCHY;GAUCHY;Place des sports;E-5 S / H-6 S;P>25774;4;1,034;;;24/09/2012;09:15
ST QUENTIN;;Verre Couleur;2340;GAUCHY;GAUCHY;Rue Georges Herbin;E-3 S / H-4 S;P>25775;3;0,504;;;24/09/2012;08:54
ST QUENTIN;;Verre Couleur;2340;GAUCHY;GAUCHY;Place Moulin tous vents;E-2 S / H-3 S;P>25777;4;0,86;;;19/09/2012;11:32
ST QUENTIN;;Verre Couleur;2340;GAUCHY;GAUCHY;Déchetterie route de chauny;E-1 S / H-1 S impératif;P>25779;4;0,302;;;03/09/2012;09:43
ST QUENTIN;;Verre Couleur;2340;GAUCHY;GAUCHY;Déchetterie route de chauny;E-1 S / H-1 S impératif;P>25779;4;0,472;;;10/09/2012;10:17
ST QUENTIN;;Verre Couleur;2340;GAUCHY;GAUCHY;Déchetterie route de chauny;E-1 S / H-1 S impératif;P>25779;4;0,362;;;17/09/2012;10:44
ST QUENTIN;;Verre Couleur;2340;GAUCHY;GAUCHY;Déchetterie route de chauny;E-1 S / H-1 S impératif;P>25779;4;0,575;;;24/09/2012;08:52
ST QUENTIN;;Verre Couleur;2340;GAUCHY;GAUCHY;Rue Paul Langevin / Place 8 mai 1945;E-1 S / H-2 S;P>25781;3;1,026;;;12/09/2012;08:04
ST QUENTIN;;Verre Couleur;2340;GAUCHY;GAUCHY;Rue Paul Langevin / Place 8 mai 1945;E-1 S / H-2 S;P>25781;3;0,519;;;24/09/2012;09:30
ST QUENTIN;;Verre Couleur;2340;GAUCHY;GAUCHY;Pk Brico Cash Rue Auguste;E-1 S / H-2 S;P>25782;4;0,505;;;12/09/2012;07:54
ST QUENTIN;;Verre Couleur;2340;GAUCHY;GAUCHY;Pk Brico Cash Rue Auguste;E-1 S / H-2 S;P>25782;4;1,177;;;24/09/2012;09:22
ST QUENTIN;;Verre Couleur;2340;GAUCHY;GAUCHY;Square de l'amitié;E-4 S / H-6 S;P>25783;4;0,752;;;24/09/2012;08:59
ST QUENTIN;;Verre Couleur;2340;GAUCHY;GAUCHY;Rue Voltaire;E-5 S / H-6 S;P>26940;3;0,465;;;24/09/2012;09:09
ST QUENTIN;;Verre Couleur;2340;GAUCHY;GAUCHY;Déchetterie route de chauny;1 sem;P>31031;3;0,797;;;03/09/2012;09:44
ST QUENTIN;;Verre Couleur;2340;GAUCHY;GAUCHY;Déchetterie route de chauny;1 sem;P>31031;3;0,724;;;10/09/2012;10:18
ST QUENTIN;;Verre Couleur;2340;GAUCHY;GAUCHY;Déchetterie route de chauny;1 sem;P>31031;3;0,668;;;17/09/2012;10:46
ST QUENTIN;;Verre Couleur;2340;GAUCHY;GAUCHY;Déchetterie route de chauny;1 sem;P>31031;3;0,297;;;24/09/2012;08:53
ST QUENTIN;;Verre Couleur;2359;GRUGIES;GRUGIES;Rue d'Ile de France dérrière Eglise;E-3 S / H-4 S;P>25784;3;0,737;;;24/09/2012;08:19
ST QUENTIN;;Verre Couleur;2359;GRUGIES;GRUGIES;Route du pont;E-2 / H-3;P>29784;3;0,584;;;24/09/2012;08:12
ST QUENTIN;;Verre Couleur;2371;HARLY;HARLY;Rue de Picardie;E-3 S / H-4 S;P>25754;3;1,051;;;05/09/2012;11:22
ST QUENTIN;;Verre Couleur;2371;HARLY;HARLY;Rue du Marais;E-4 S / H-6 S;P>25755;4;1,028;;;05/09/2012;11:16
ST QUENTIN;;Verre Couleur;2371;HARLY;HARLY;Leclerc;E-1 S / H-1 S;P>25757;4;1,007;;;03/09/2012;11:14
ST QUENTIN;;Verre Couleur;2371;HARLY;HARLY;Leclerc;E-1 S / H-1 S;P>25757;4;0,999;;;05/09/2012;11:32
ST QUENTIN;;Verre Couleur;2371;HARLY;HARLY;Leclerc;E-1 S / H-1 S;P>25757;4;0,919;;;12/09/2012;09:56
ST QUENTIN;;Verre Couleur;2371;HARLY;HARLY;Leclerc;E-1 S / H-1 S;P>25757;4;0,898;;;17/09/2012;08:28
ST QUENTIN;;Verre Couleur;2371;HARLY;HARLY;Leclerc;E-1 S / H-1 S;P>25757;4;0,48;;;24/09/2012;11:29
ST QUENTIN;;Verre Couleur;2371;HARLY;HARLY;Leclerc;E-1 S / H-1 S;P>25758;4;1,049;;;03/09/2012;11:15
ST QUENTIN;;Verre Couleur;2371;HARLY;HARLY;Leclerc;E-1 S / H-1 S;P>25758;4;0,426;;;05/09/2012;11:34
ST QUENTIN;;Verre Couleur;2371;HARLY;HARLY;Leclerc;E-1 S / H-1 S;P>25758;4;0,213;;;12/09/2012;09:59
ST QUENTIN;;Verre Couleur;2371;HARLY;HARLY;Leclerc;E-1 S / H-1 S;P>25758;4;0,882;;;17/09/2012;08:29
ST QUENTIN;;Verre Couleur;2371;HARLY;HARLY;Leclerc;E-1 S / H-1 S;P>25759;4;0,219;;;05/09/2012;11:35
ST QUENTIN;;Verre Couleur;2371;HARLY;HARLY;Leclerc;E-1 S / H-1 S;P>25759;4;0,417;;;17/09/2012;08:30
ST QUENTIN;;Verre Couleur;2371;HARLY;HARLY;Leclerc;E-1 S / H-1 S;P>25759;4;0,726;;;24/09/2012;11:25
ST QUENTIN;;Verre Couleur;2371;HARLY;HARLY;Leclerc;E-1 S / H-1 S;P>25759;4;0,918;;;26/09/2012;10:14
ST QUENTIN;;Verre Couleur;2383;HOMBLIERES;HOMBLIERES;Rue Aimé Gosset;E-2 S / H-3 S;P>25761;4;0,763;;;13/09/2012;08:58
ST QUENTIN;;Verre Couleur;2383;HOMBLIERES;HOMBLIERES;Rue Sainte Huneguonde;E-2 S / H-3 S;P>25762;4;0,648;;;13/09/2012;09:10
ST QUENTIN;;Verre Couleur;2383;HOMBLIERES;HOMBLIERES;Chemin de Fonsommes;E-3 S / H-8 S;P>25763;3;0,75;;;13/09/2012;09:04
ST QUENTIN;;Verre Couleur;2420;LESDINS;LESDINS;Rue de Picardie;E-2 S / H-3 S;P>25744;4;1,123;;;05/09/2012;10:06
ST QUENTIN;;Verre Couleur;2420;LESDINS;LESDINS;Rue de Picardie;E-2 S / H-3 S;P>25744;4;0,804;;;26/09/2012;08:19
ST QUENTIN;;Verre Couleur;2420;LESDINS;LESDINS;Rue de touraine (le long du canal);E-2 S / H-3 S;P>25745;3;0,993;;;05/09/2012;10:01
ST QUENTIN;;Verre Couleur;2420;LESDINS;LESDINS;Rue de touraine (le long du canal);E-2 S / H-3 S;P>25745;3;0,715;;;26/09/2012;08:11
ST QUENTIN;;Verre Couleur;2459;MARCY;MARCY;Rue Florent Montigny Mairie;E-3 S / H-3 S;P>25764;3;0,587;;;06/09/2012;06:30
ST QUENTIN;;Verre Couleur;2481;MESNIL ST LAURENT;MESNIL ST LAURENT;Rue Sainte Camione;E-2 S / H-3 S;P>25767;3;0,85;;;06/09/2012;06:46
ST QUENTIN;;Verre Couleur;2481;MESNIL ST LAURENT;MESNILS ST LAURENT;Rue du Cheval Blanc;E-3 S / H-6 S;P>25768;3;0,548;;;26/09/2012;10:45
ST QUENTIN;;Verre Couleur;2525;MORCOURT;MORCOURT;Rue du Commandant Guy (terrain de foot);E-2 S / H-3 S;P>25746;3;0,791;;;05/09/2012;10:22
ST QUENTIN;;Verre Couleur;2549;NEUVILLE ST AMAND;NEUVILLE ST AMAND;Rue de la Fere;E-4 S / H-6 S;P>25786;4;0,812;;;19/09/2012;11:24
ST QUENTIN;;Verre Couleur;2549;NEUVILLE ST AMAND;NEUVILLE ST AMAND;Place de la Mairie;E-2 S / H-2 S;P>25788;3;0,727;;;05/09/2012;08:15
ST QUENTIN;;Verre Couleur;2549;NEUVILLE ST AMAND;NEUVILLE ST AMAND;Place de la Mairie;E-2 S / H-2 S;P>25788;3;0,913;;;26/09/2012;06:24
ST QUENTIN;;Verre Couleur;2571;OMISSY;OMISSY;Rue du Fossé;E-3 S / H-5 S;P>25748;3;0,847;;;19/09/2012;10:32
ST QUENTIN;;Verre Couleur;2571;OMISSY;OMISSY;Déchetterie;E-1 S / H-1 S impératif;P>25750;4;1,044;;;13/09/2012;10:38
ST QUENTIN;;Verre Couleur;2571;OMISSY;OMISSY;Déchetterie;E-1 S / H-1 S impératif;P>25750;4;0,757;;;19/09/2012;10:25
ST QUENTIN;;Verre Couleur;2571;OMISSY;OMISSY;Déchetterie;E-1 S / H-1 S impératif;P>25750;4;0,424;;;26/09/2012;09:14
ST QUENTIN;;Verre Couleur;2571;OMISSY;OMISSY;Déchetterie;;P>31032;3;0,819;;;13/09/2012;10:41
ST QUENTIN;;Verre Couleur;2571;OMISSY;OMISSY;Déchetterie;;P>31032;3;0,587;;;26/09/2012;09:15
ST QUENTIN;;Verre Couleur;2637;REMAUCOURT;REMAUCOURT;Rue de l'église;E-2 S / H-3 S;P>25753;3;0,739;;;05/09/2012;10:12
ST QUENTIN;;Verre Couleur;2659;ROUVROY;ROUVROY;Route de ST Quentin;E-2 S / H-2 S;P>25769;3;0,941;;;05/09/2012;11:06
ST QUENTIN;;Verre Couleur;2659;ROUVROY;ROUVROY;Route de ST Quentin;E-2 S / H-2 S;P>25769;3;0,636;;;19/09/2012;11:10
ST QUENTIN;;Verre Couleur;2691;ST QUENTIN;ST QUENTIN SUD EST;Av Léo Lagrange;2 sem;P>25634;3;0,562;;;17/09/2012;08:44
ST QUENTIN;;Verre Couleur;2691;ST QUENTIN;ST QUENTIN SUD EST;Place Carnot;4 sem;P>25635;3;0,37;;;03/09/2012;10:06
ST QUENTIN;;Verre Couleur;2691;ST QUENTIN;ST QUENTIN SUD EST;Place Carnot;4 sem;P>25635;3;0,335;;;24/09/2012;09:18
ST QUENTIN;;Verre Couleur;2691;ST QUENTIN;ST QUENTIIN SUD EST;Rue Charles Foucault;3 sem;P>25636;3;0,394;;;03/09/2012;10:02
ST QUENTIN;;Verre Couleur;2691;ST QUENTIN;ST QUENTIIN SUD EST;Rue Charles Foucault;3 sem;P>25636;3;0,457;;;24/09/2012;09:22
ST QUENTIN;;Verre Couleur;2691;ST QUENTIN;ST QUENTIN SUD EST;Rue d'Ostende;E-2 S / H-2 S;P>25638;3;0,694;;;13/09/2012;09:44
ST QUENTIN;;Verre Couleur;2691;ST QUENTIN;ST QUENTIN SUD EST;Rue d'Ostende;E-2 S / H-2 S;P>25638;3;0,429;;;26/09/2012;06:48
ST QUENTIN;;Verre Couleur;2691;ST QUENTIN;ST QUENTIN SUD EST;Bd du Maréchal Juin (bas);E-3 S / H-4 S;P>25639;4;0,687;;;19/09/2012;09:12
ST QUENTIN;;Verre Couleur;2691;ST QUENTIN;ST QUENTIN SUD EST;Bd du Maréchal Juin (haut);E-2 S / H-2 S;P>25640;3;0,872;;;05/09/2012;08:26
ST QUENTIN;;Verre Couleur;2691;ST QUENTIN;ST QUENTIN SUD EST;Bd du Maréchal Juin (haut);E-2 S / H-2 S;P>25640;3;0,601;;;19/09/2012;09:07
ST QUENTIN;;Verre Couleur;2691;ST QUENTIN;ST QUENTIN SUD EST;Rue de la Fère (friterie);E-6 S / H-6 S;P>25641;3;0,59;;;06/09/2012;07:13
ST QUENTIN;;Verre Couleur;2691;ST QUENTIN;ST QUENTIN SUD EST;Rue de Guise;E-3 S / H-4 S;P>25642;3;0,807;;;19/09/2012;09:23
ST QUENTIN;;Verre Couleur;2691;ST QUENTIN;ST QUENTIN SUD EST;Angle rue collette (LIDL) Richepin FND;E-2 S / H-2 S;P>25643;3;0,828;;;13/09/2012;09:22
ST QUENTIN;;Verre Couleur;2691;ST QUENTIN;ST QUENTIN SUD EST;Angle rue collette (LIDL) Richepin FND;E-2 S / H-2 S;P>25643;3;0,649;;;24/09/2012;10:20
ST QUENTIN;;Verre Couleur;2691;ST QUENTIN;ST QUENTIN SUD EST;Rue Raoul Huguet;E-4 S / H-6 S;P>25645;3;1,061;;;06/09/2012;06:58
ST QUENTIN;;Verre Couleur;2691;ST QUENTIN;ST QUENTIN SUD EST;Rue Raoul Huguet;E-4 S / H-6 S;P>25645;3;0,552;;;26/09/2012;10:30
ST QUENTIN;;Verre Couleur;2691;ST QUENTIN;ST QUENTIN SUD EST;Rue J Blanchot;E-3 S / H-4 S;P>25646;4;0,732;;;19/09/2012;09:32
ST QUENTIN;;Verre Couleur;2691;ST QUENTIN;ST QUENTIN SUD EST;Rue de la Fère (NETTO);E-2 S / H-3 S;P>25648;4;0,612;;;13/09/2012;09:54
ST QUENTIN;;Verre Couleur;2691;ST QUENTIN;ST QUENTIN SUD EST;Rue de la Fère (NETTO);E-2 S / H-3 S;P>25648;4;0,543;;;26/09/2012;06:35
ST QUENTIN;;Verre Couleur;2691;ST QUENTIN;ST QUENTIN SUD EST;Rue de la Fère (parking);E-3 S / H-5 S;P>25649;4;0,513;;;26/09/2012;11:07
ST QUENTIN;;Verre Couleur;2691;ST QUENTIN;ST QUENTIN SUD EST;Bd Cordier;E-2 S / H-2 S;P>25650;3;0,897;;;13/09/2012;09:32
ST QUENTIN;;Verre Couleur;2691;ST QUENTIN;ST QUENTIN SUD EST;Bd Cordier;E-2 S / H-2 S;P>25650;3;0,518;;;26/09/2012;06:57
ST QUENTIN;;Verre Couleur;2691;ST QUENTIN;ST QUENTIN SUD EST;Bd du Dr Camille Guérin;E-2 S / H-3 S;P>25651;3;0,533;;;13/09/2012;09:37
ST QUENTIN;;Verre Couleur;2691;ST QUENTIN;ST QUENTIN SUD OUEST;Rampe St Prix;E-5 S / H-6 S;P>25653;3;0,727;;;19/09/2012;06:40
ST QUENTIN;;Verre Couleur;2691;ST QUENTIN;ST QUENTIN SUD OUEST;Bd de Verdun;E-2 S / H-2 S;P>25654;4;0,76;;;12/09/2012;08:20
ST QUENTIN;;Verre Couleur;2691;ST QUENTIN;ST QUENTIN SUD OUEST;Bd de Verdun;E-2 S / H-2 S;P>25654;4;0,851;;;24/09/2012;10:07
ST QUENTIN;;Verre Couleur;2691;ST QUENTIN;ST QUENTIN SUD OUEST;Rue de Paris (face au 105) Rue de Ham;4 sem;P>25656;3;0,736;;;10/09/2012;09:10
ST QUENTIN;;Verre Couleur;2691;ST QUENTIN;ST QUENTIN SUD OUEST;Rue de Peronne mairie PORTEUR;2 sem;P>25657;3;0,589;;;10/09/2012;08:59
ST QUENTIN;;Verre Couleur;2691;ST QUENTIN;ST QUENTIN SUD OUEST;Rue de Peronne mairie PORTEUR;2 sem;P>25657;3;0,679;;;24/09/2012;11:04
ST QUENTIN;;Verre Couleur;2691;ST QUENTIN;ST QUENTIN SUD OUEST;Déchetterie (Rue A Parmentier) Vidam;E-2 S / H-3 S;P>25661;3;0,697;;;12/09/2012;09:20
ST QUENTIN;;Verre Couleur;2691;ST QUENTIN;ST QUENTIN SUD OUEST;Déchetterie (Rue A Parmentier) Vidam;E-2 S / H-3 S;P>25662;3;0,845;;;12/09/2012;09:11
ST QUENTIN;;Verre Couleur;2691;ST QUENTIN;ST QUENTIN SUD OUEST;Déchetterie (Rue A Parmentier) Vidam;E-2 S / H-3 S;P>25662;3;0,831;;;24/09/2012;10:55
ST QUENTIN;;Verre Couleur;2691;ST QUENTIN;ST QUENTIN SUD OUEST;Déchetterie (Rue A Parmentier) Vidam;E-2 S / H-3 S;P>25663;3;1,06;;;12/09/2012;09:13
ST QUENTIN;;Verre Couleur;2691;ST QUENTIN;ST QUENTIN SUD OUEST;Déchetterie (Rue A Parmentier) Vidam;E-2 S / H-3 S;P>25663;3;0,712;;;24/09/2012;10:56
ST QUENTIN;;Verre Couleur;2691;ST QUENTIN;ST QUENTIN SUD OUEST;Rue de la Chaussée romaine (école);E-3 S / H-3 S;P>25664;4;0,678;;;24/09/2012;10:32
ST QUENTIN;;Verre Couleur;2691;ST QUENTIN;ST QUENTIN SUD OUEST;Angle Av Me François Hugues/Accacias;E-2 S / H-2 S;P>25665;3;1,059;;;05/09/2012;09:10
ST QUENTIN;;Verre Couleur;2691;ST QUENTIN;ST QUENTIN SUD OUEST;Angle Av Me François Hugues/Accacias;E-2 S / H-2 S;P>25665;3;0,556;;;19/09/2012;06:49
ST QUENTIN;;Verre Couleur;2691;ST QUENTIN;ST QUENTIN SUD OUEST;Rue du Dr Cordier/Allée des Tilleuls;E-3 S / H-4 S;P>25666;4;0,712;;;19/09/2012;06:58
ST QUENTIN;;Verre Couleur;2691;ST QUENTIN;ST QUENTIN SUD OUEST;Rue de Paris (ALDI);E-2 S / H-2 S;P>25668;3;0,669;;;12/09/2012;08:13
ST QUENTIN;;Verre Couleur;2691;ST QUENTIN;ST QUENTIN SUD OUEST;Rue de Paris / Face au stade de foot;E-3 S / H-4 S;P>25669;3;0,511;;;19/09/2012;06:26
ST QUENTIN;;Verre Couleur;2691;ST QUENTIN;ST QUENTIN SUD OUEST;Rue de Paris / Rue du Gle Debeney;E-3 S / H-4 S;P>25670;4;0,678;;;24/09/2012;09:42
ST QUENTIN;;Verre Couleur;2691;ST QUENTIN;ST QUENTIN SUD OUEST;Rue Alexandre Dumas (park face ED);E-1 S / H-1 S;P>25671;3;0,601;;;12/09/2012;08:28
ST QUENTIN;;Verre Couleur;2691;ST QUENTIN;ST QUENTIN SUD OUEST;Rue Alexandre Dumas (park face ED);E-1 S / H-1 S;P>25671;3;0,456;;;19/09/2012;07:07
ST QUENTIN;;Verre Couleur;2691;ST QUENTIN;ST QUENTIN SUD OUEST;Rue J Falloux (salle des aviateurs);E-3 S / H-4 S;P>25673;3;0,529;;;24/09/2012;09:51
ST QUENTIN;;Verre Couleur;2691;ST QUENTIN;ST QUENTIN SUD OUEST;Rue Georges Sand;E-5 S / H-8 S;P>25674;3;0,603;;;24/09/2012;09:59
ST QUENTIN;;Verre Couleur;2691;ST QUENTIN;ST QUENTIN SUD OUEST;Grande Rue;E-3 S / H-4 S;P>25675;3;0,572;;;05/09/2012;08:50
ST QUENTIN;;Verre Couleur;2691;ST QUENTIN;ST QUENTIN SUD OUEST;Av du Cimetière de la Tombelle;E-2 S / H-4 S;P>25676;4;0,702;;;24/09/2012;10:18
ST QUENTIN;;Verre Couleur;2691;ST QUENTIN;ST QUENTIN NORD;Place du 87 RI Rue Thiers;E-2 S / H-2 S;P>25677;3;0,831;;;24/09/2012;11:11
ST QUENTIN;;Verre Couleur;2691;ST QUENTIN;ST QUENTIN NORD;Rue Théophile Gautier PORTEUR;3 sem;P>25678;4;0,62;;;03/09/2012;11:05
ST QUENTIN;;Verre Couleur;2691;ST QUENTIN;ST QUENTIN NORD;Av des anciens Combattants d'AFN;E-3 S / H-4 S;P>25679;4;0,785;;;05/09/2012;09:39
ST QUENTIN;;Verre Couleur;2691;ST QUENTIN;ST QUENTIN NORD;Av des anciens Combattants d'AFN;E-3 S / H-4 S;P>25679;4;0,676;;;26/09/2012;07:22
ST QUENTIN;;Verre Couleur;2691;ST QUENTIN;ST QUENTIN NORD;Rue Henriette Cabot;E-3 S / H-4 S;P>25681;3;0,863;;;26/09/2012;07:17
ST QUENTIN;;Verre Couleur;2691;ST QUENTIN;ST QUENTIN NORD;Rue Alfred Clin (hors Heures scolaires);2 sem;P>25682;3;0,578;;;10/09/2012;08:40
ST QUENTIN;;Verre Couleur;2691;ST QUENTIN;ST QUENTIN NORD;Rue Alfred Clin (hors Heures scolaires);2 sem;P>25682;3;0,495;;;24/09/2012;10:43
ST QUENTIN;;Verre Couleur;2691;ST QUENTIN;ST QUENTIN NORD;CORA (parking);E-1 S / H-1 S;P>25683;4;0,693;;;05/09/2012;09:48
ST QUENTIN;;Verre Couleur;2691;ST QUENTIN;ST QUENTIN NORD;CORA (parking);E-1 S / H-1 S;P>25683;4;0,982;;;14/09/2012;07:00
ST QUENTIN;;Verre Couleur;2691;ST QUENTIN;ST QUENTIN NORD;CORA (parking);E-1 S / H-1 S;P>25683;4;0,466;;;19/09/2012;10:56
ST QUENTIN;;Verre Couleur;2691;ST QUENTIN;ST QUENTIN NORD;CORA (parking);E-1 S / H-1 S;P>25683;4;0,909;;;26/09/2012;08:00
ST QUENTIN;;Verre Couleur;2691;ST QUENTIN;ST QUENTIN NORD;CORA (parking);E-1 S / H-1 S;P>25684;3;0,6;;;05/09/2012;09:50
ST QUENTIN;;Verre Couleur;2691;ST QUENTIN;ST QUENTIN NORD;CORA (parking);E-1 S / H-1 S;P>25684;3;0,996;;;14/09/2012;07:02
ST QUENTIN;;Verre Couleur;2691;ST QUENTIN;ST QUENTIN NORD;CORA (parking);E-1 S / H-1 S;P>25684;3;0,582;;;26/09/2012;08:01
ST QUENTIN;;Verre Couleur;2691;ST QUENTIN;ST QUENTIN NORD;Rue Fayet (angle R. JY Cousteau);E-3 S / H-3 S;P>25685;3;0,742;;;19/09/2012;07:28
ST QUENTIN;;Verre Couleur;2691;ST QUENTIN;ST QUENTIN NORD;Rue des Valenciennes;E-2 S / H-2 S;P>25687;4;1,168;;;12/09/2012;08:58
ST QUENTIN;;Verre Couleur;2691;ST QUENTIN;ST QUENTIN NORD;Rue des Valenciennes;E-2 S / H-2 S;P>25687;4;0,863;;;26/09/2012;07:42
ST QUENTIN;;Verre Couleur;2691;ST QUENTIN;ST QUENTIN EST;Bvd Roosevelt PORTEUR;1 sem;P>25688;3;0,468;;;03/09/2012;10:25
ST QUENTIN;;Verre Couleur;2691;ST QUENTIN;ST QUENTIN EST;Bvd Roosevelt PORTEUR;1 sem;P>25688;3;0,356;;;10/09/2012;08:34
ST QUENTIN;;Verre Couleur;2691;ST QUENTIN;ST QUENTIN EST;Bvd Roosevelt PORTEUR;1 sem;P>25688;3;0,363;;;17/09/2012;08:50
ST QUENTIN;;Verre Couleur;2691;ST QUENTIN;ST QUENTIN EST;Bvd Roosevelt PORTEUR;1 sem;P>25688;3;0,466;;;24/09/2012;10:37
ST QUENTIN;;Verre Couleur;2691;ST QUENTIN;ST QUENTIN EST;Av R Schuman/Rue G Pompidou;E-3 S / H-6 S;P>25689;3;1,008;;;14/09/2012;07:15
ST QUENTIN;;Verre Couleur;2691;ST QUENTIN;ST QUENTIN EST;Av A Briand/Rue Q Barre;E-6 S / H-10 S;P>25691;3;0,727;;;19/09/2012;09:57
ST QUENTIN;;Verre Couleur;2691;ST QUENTIN;ST QUENTIN EST;Rue du Cdt G Bieler;E-1 S / H-1 S;P>25693;3;0,648;;;13/09/2012;10:17
ST QUENTIN;;Verre Couleur;2691;ST QUENTIN;ST QUENTIN EST;Rue du Cdt G Bieler;E-1 S / H-1 S;P>25693;3;0,503;;;26/09/2012;09:49
ST QUENTIN;;Verre Couleur;2691;ST QUENTIN;ST QUENTIN EST;Av du Gle de Gaulle;E-1 S / H-1 S;P>25694;4;1,15;;;13/09/2012;10:08
ST QUENTIN;;Verre Couleur;2691;ST QUENTIN;ST QUENTIN EST;Av du Gle de Gaulle;E-1 S / H-1 S;P>25694;4;0,536;;;19/09/2012;10:03
ST QUENTIN;;Verre Couleur;2691;ST QUENTIN;ST QUENTIN EST;Av du Gle de Gaulle;E-1 S / H-1 S;P>25694;4;0,567;;;26/09/2012;09:56
ST QUENTIN;;Verre Couleur;2691;ST QUENTIN;ST QUENTIN EST;Rue Ampère;E-4 S / H-6 S;P>25695;3;0,503;;;26/09/2012;08:31
ST QUENTIN;;Verre Couleur;2691;ST QUENTIN;ST QUENTIN EST;Bd J Bouin (camping);E-2 S / H-3 S;P>25696;3;0,446;;;19/09/2012;09:51
ST QUENTIN;;Verre Couleur;2691;ST QUENTIN;ST QUENTIN EST;Bd J Bouin (camping);E-2 S / H-3 S;P>25697;3;0,446;;;19/09/2012;09:49
ST QUENTIN;;Verre Couleur;2691;ST QUENTIN;ST QUENTIN EST;Rue H Dunant;E-2 S / H-4 S;P>25698;3;0,612;;;26/09/2012;09:39
ST QUENTIN;;Verre Couleur;2691;ST QUENTIN;ST QUENTIN EST;Rue G Brassens;E-2 S / H-3 S;P>25699;3;0,631;;;19/09/2012;10:13
ST QUENTIN;;Verre Couleur;2691;ST QUENTIN;ST QUENTIN EST;Av de la Résistance;E-4 S / H-6 S;P>25700;3;0,651;;;26/09/2012;09:24
ST QUENTIN;;Verre Couleur;2691;ST QUENTIN;ST QUENTIN  EST;RD 675 vers Omissy vers déchetterie;E-3 S / H-4 S;P>25702;4;0,847;;;19/09/2012;10:19
ST QUENTIN;;Verre Couleur;2691;ST QUENTIN;ST QUENTIN EST;Rue Boileau/Rue H Barbusse;E-3 S / H-4 S;P>25703;3;0,514;;;14/09/2012;07:26
ST QUENTIN;;Verre Couleur;2691;ST QUENTIN;ST QUENTIN EST;Rue Boileau/Rue G St Hilaire;E-3 S / H-4 S;P>25704;3;0,431;;;13/09/2012;11:04
ST QUENTIN;;Verre Couleur;2691;ST QUENTIN;ST QUENTIN EST;Av R Schuman (centre social Europe);E-3 S / H-4 S;P>25705;3;0,883;;;05/09/2012;10:42
ST QUENTIN;;Verre Couleur;2691;ST QUENTIN;ST QUENTIN EST;Av R Schuman (centre social Europe);E-3 S / H-4 S;P>25705;3;0,419;;;26/09/2012;08:50
ST QUENTIN;;Verre Couleur;2691;ST QUENTIN;ST QUENTIN EST;Av R Schuman (SIMPLY MARKET);E-1 S / H-2 S;P>25706;3;0,647;;;05/09/2012;10:49
ST QUENTIN;;Verre Couleur;2691;ST QUENTIN;ST QUENTIN EST;Av R Schuman (SIMPLY MARKET);E-1 S / H-2 S;P>25706;3;0,601;;;19/09/2012;10:45
ST QUENTIN;;Verre Couleur;2691;ST QUENTIN;ST QUENTIN EST;Av R Schuman (SIMPLY MARKET);E-1 S / H-2 S;P>25706;3;0,281;;;26/09/2012;08:44
ST QUENTIN;;Verre Couleur;2691;ST QUENTIN;ST QUENTIN EST;Rue Poete;E-2 S / H-3 S;P>25707;3;0,506;;;13/09/2012;10:54
ST QUENTIN;;Verre Couleur;2691;ST QUENTIN;ST QUENTIN EST;Rue Poete;E-2 S / H-3 S;P>25707;3;0,488;;;26/09/2012;08:36
ST QUENTIN;;Verre Couleur;2691;ST QUENTIN;ST QUENTIN EST;Rue Boileau;E-4 S / H-6 S;P>25709;3;0,681;;;26/09/2012;09:01
ST QUENTIN;;Verre Couleur;2691;ST QUENTIN;ST QUENTIN EST;Av de la République (face au n° 29);E-2 S / H-2 S;P>25710;3;0,897;;;13/09/2012;10:27
ST QUENTIN;;Verre Couleur;2691;ST QUENTIN;ST QUENTIN EST;Av de la République (face au n° 29);E-2 S / H-2 S;P>25710;3;0,834;;;26/09/2012;09:32
ST QUENTIN;;Verre Couleur;2691;ST QUENTIN;ST QUENTIN CENTRE;Place du GI Floy;2 sem;P>25711;4;0,699;;;03/09/2012;11:21
ST QUENTIN;;Verre Couleur;2691;ST QUENTIN;ST QUENTIN CENTRE;Place du GI Floy;2 sem;P>25711;4;0,457;;;17/09/2012;09:34
ST QUENTIN;;Verre Couleur;2691;ST QUENTIN;ST QUENTIN CENTRE;Rue des Etats Généraux;3 sem;P>25712;4;0,542;;;17/09/2012;09:13
ST QUENTIN;;Verre Couleur;2691;ST QUENTIN;ST QUENTIN CENTRE;Rue Varlet;5 sem;P>25713;4;0,458;;;17/09/2012;09:22
ST QUENTIN;;Verre Couleur;2691;ST QUENTIN;ST QUENTIN CENTRE;Rue du Petit Origny (place du marché);1 sem;P>25714;4;0,941;;;10/09/2012;08:20
ST QUENTIN;;Verre Couleur;2691;ST QUENTIN;ST QUENTIN CENTRE;Rue du Petit Origny (place du marché);1 sem;P>25714;4;0,696;;;17/09/2012;09:04
ST QUENTIN;;Verre Couleur;2691;ST QUENTIN;ST QUENTIN CENTRE;Rue du Petit Origny (place du marché);1 sem;P>25714;4;0,853;;;24/09/2012;09:45
ST QUENTIN;;Verre Couleur;2691;ST QUENTIN;ST QUENTIN CENTRE;Rue A Gibert/Rue Renan;3 sem;P>25715;4;0,956;;;10/09/2012;08:16
ST QUENTIN;;Verre Couleur;2691;ST QUENTIN;ST QUENTIN CENTRE;Place de la Liberté;1 sem;P>25716;4;0,495;;;03/09/2012;11:27
ST QUENTIN;;Verre Couleur;2691;ST QUENTIN;ST QUENTIN CENTRE;Place de la Liberté;1 sem;P>25716;4;0,694;;;10/09/2012;09:26
ST QUENTIN;;Verre Couleur;2691;ST QUENTIN;ST QUENTIN CENTRE;Place de la Liberté;1 sem;P>25716;4;0,718;;;17/09/2012;10:19
ST QUENTIN;;Verre Couleur;2691;ST QUENTIN;ST QUENTIN CENTRE;Place de la Liberté;1 sem;P>25716;4;0,57;;;24/09/2012;11:15
ST QUENTIN;;Verre Couleur;2691;ST QUENTIN;ST QUENTIN CENTRE;Bd Gambetta (face au n°1) en haut;2 sem;P>25717;4;0,949;;;10/09/2012;09:32
ST QUENTIN;;Verre Couleur;2691;ST QUENTIN;ST QUENTIN CENTRE;Bd Gambetta (face au n°1) en haut;2 sem;P>25717;4;0,782;;;24/09/2012;09:33
ST QUENTIN;;Verre Couleur;2691;ST QUENTIN;ST QUENTIN CENTRE;Rue Michelet;2 sem;P>25718;4;0,739;;;03/09/2012;10:18
ST QUENTIN;;Verre Couleur;2691;ST QUENTIN;ST QUENTIN CENTRE;Rue Michelet;2 sem;P>25718;4;0,638;;;17/09/2012;10:26
ST QUENTIN;;Verre Couleur;2691;ST QUENTIN;ST QUENTIN CENTRE;Bd Gambetta (face CIO);2 sem;P>25719;4;0,73;;;03/09/2012;10:13
ST QUENTIN;;Verre Couleur;2691;ST QUENTIN;ST QUENTIN CENTRE;Bd Gambetta (face CIO);2 sem;P>25719;4;0,63;;;17/09/2012;10:14
ST QUENTIN;;Verre Couleur;2691;ST QUENTIN;ST QUENTIN CENTRE;Rue des Suzannes;2 sem;P>25720;4;0,557;;;10/09/2012;08:30
ST QUENTIN;;Verre Couleur;2691;ST QUENTIN;ST QUENTIN CENTRE;Rue des Suzannes;2 sem;P>25720;4;0,864;;;24/09/2012;09:29
ST QUENTIN;;Verre Couleur;2691;ST QUENTIN;ST QUENTIN CENTRE;Square Quentin de la Tour (Basilique);2 sem;P>25721;4;0,577;;;10/09/2012;08:25
ST QUENTIN;;Verre Couleur;2691;ST QUENTIN;ST QUENTIN CENTRE;Square Quentin de la Tour (Basilique);2 sem;P>25721;4;0,443;;;24/09/2012;09:39
ST QUENTIN;;Verre Couleur;2691;ST QUENTIN;ST QUENTIN CENTRE;Rue de Baudreuil;2 sem;P>25722;4;0,592;;;03/09/2012;10:29
ST QUENTIN;;Verre Couleur;2691;ST QUENTIN;ST QUENTIN CENTRE;Rue de Baudreuil;2 sem;P>25722;4;0,437;;;17/09/2012;08:57
ST QUENTIN;;Verre Couleur;2691;ST QUENTIN;ST QUENTIN CENTRE;Rue de Baudreuil;2 sem;P>25723;4;1,01;;;03/09/2012;10:30
ST QUENTIN;;Verre Couleur;2691;ST QUENTIN;ST QUENTIN CENTRE;Rue de Baudreuil;2 sem;P>25723;4;0,616;;;17/09/2012;08:58
ST QUENTIN;;Verre Couleur;2691;ST QUENTIN;ST QUENTIN CENTRE;Bvd Henri Martin;3 sem;P>25724;4;0,636;;;17/09/2012;09:28
ST QUENTIN;;Verre Couleur;2691;ST QUENTIN;ST QUENTIN CENTRE;Av Faidherbe;1 sem;P>25725;4;0,797;;;10/09/2012;09:15
ST QUENTIN;;Verre Couleur;2691;ST QUENTIN;ST QUENTIN CENTRE;Av Faidherbe;1 sem;P>25725;4;0,742;;;24/09/2012;10:30
ST QUENTIN;;Verre Couleur;2691;ST QUENTIN;ST QUENTIN CENTRE;Bd de Richelieu (angle rue des Glacis);2 sem;P>25726;4;0,762;;;10/09/2012;08:46
ST QUENTIN;;Verre Couleur;2691;ST QUENTIN;ST QUENTIN CENTRE;Bd de Richelieu (angle rue des Glacis);2 sem;P>25726;4;0,443;;;24/09/2012;10:55
ST QUENTIN;;Verre Couleur;2691;ST QUENTIN;ST QUENTIN CENTRE;Rue des Cannonniers;2 sem;P>25729;4;0,681;;;10/09/2012;09:21
ST QUENTIN;;Verre Couleur;2691;ST QUENTIN;ST QUENTIN CENTRE;Rue des Cannonniers;2 sem;P>25729;4;0,854;;;24/09/2012;09:52
ST QUENTIN;;Verre Couleur;2691;ST QUENTIN;ST QUENTIN SUD OUEST;Déchetterie (Rue A Parmentier) Vidam;E-2 S / H-3 S;P>27069;3;0,567;;;12/09/2012;09:16
ST QUENTIN;;Verre Couleur;2691;ST QUENTIN;ST QUENTIN SUD OUEST;Déchetterie (Rue A Parmentier) Vidam;E-2 S / H-3 S;P>27069;3;0,656;;;24/09/2012;10:58
ST QUENTIN;;Verre Couleur;2691;ST QUENTIN;ST QUENTIN NORD;Place du 87 RI Rue Thiers;E-2 S / H-2 S;P>28483;3;0,836;;;24/09/2012;11:10
ST QUENTIN;;Verre Couleur;2691;ST QUENTIN;SAINT QUENTIN;Dans l'Hopital rue Fayet;sur appel;P>28640;3;0,741;;;03/09/2012;10:51
ST QUENTIN;;Verre Couleur;2691;ST QUENTIN;ST QUENTIN SUD EST;Rue de Guise;E-3 S / H-4 S;P>28642;3;0,401;;;19/09/2012;09:24
ST QUENTIN;;Verre Couleur;2691;ST QUENTIN;St Quentin;Rue Francois Miterrand;8 sem;P>29120;3;0,581;;;10/09/2012;09:05
ST QUENTIN;;Verre Couleur;2691;ST QUENTIN;ST QUENTIN;Parking rue Leon Lemaire;1 sem;P>29127;3;0,301;;;03/09/2012;09:52
ST QUENTIN;;Verre Couleur;2691;ST QUENTIN;ST QUENTIN;Parking rue Leon Lemaire;1 sem;P>29127;3;0,37;;;10/09/2012;10:02
ST QUENTIN;;Verre Couleur;2691;ST QUENTIN;ST QUENTIN;Parking rue Leon Lemaire;1 sem;P>29127;3;0,73;;;24/09/2012;09:04
ST QUENTIN;;Verre Couleur;2691;ST QUENTIN;ST QUENTIN NORD;BD JKF (aldi);E-2 S / H -3S;P>29339;3;0,521;;;19/09/2012;07:35
ST QUENTIN;;Verre Couleur;2691;ST QUENTIN;SAINT QUENTIN;Dans l'Hopital rue Fayet;sur appel;P>29649;3;0,376;;;03/09/2012;10:50
ST QUENTIN;;Verre Couleur;2691;ST QUENTIN;ST QUENTIN;Rue Raoul Huguet face au n° 12 (bas);;P>33898;3;0,858;;;05/09/2012;11:46
ST QUENTIN;;Verre Couleur;2691;ST QUENTIN;ST QUENTIN;Rue Raoul Huguet face au n° 12 (bas);;P>33898;3;0,474;;;26/09/2012;10:26
ST QUENTIN;;Verre Couleur;2691;ST QUENTIN;ST QUENTIN;Angle J Blanchot / L lemaire face crèche;;P>33899;3;0,39;;;03/09/2012;09:55
ST QUENTIN;;Verre Couleur;2691;ST QUENTIN;ST QUENTIN;Angle J Blanchot / L lemaire face crèche;;P>33899;3;0,28;;;17/09/2012;11:01
